id,symbol,name,current_price,market_cap,market_cap_rank,total_volume,high_24h,low_24h,price_change_24h,price_change_pct_24h,circulating_supply,total_supply,ath,last_updated,ingested_at,tier
bitcoin,BTC,Bitcoin,83734.0,1682316088616.0,1,28255685287.0,84486.0,82911.0,-437.92369904604857,-0.5838,20090909.0,20090909.0,126080.0,2026-09-30 11:32:30.000,2026-09-30 11:35:38.515096,Top 10
ethereum,ETH,Ethereum,2691.21,328576946368.0,2,13415118298.0,2742.68,2657.67,-32.75249232823762,-1.3177,122092940.74905182,122092940.7490518,4946.05,2026-09-30 11:32:30.000,2026-09-30 11:35:38.515096,Top 10
tether,USDT,Tether,0.999613,183799745304.0,3,56446463908.0,0.999907,0.999573,-0.000136474156047228,-0.0131,183870584013.1206,189337530060.8262,1.32,2026-09-30 11:32:30.000,2026-09-30 11:35:38.515096,Top 10
binancecoin,BNB,BNB,768.71,102363313870.0,4,882537558.0,770.25,750.63,3.73,0.44,133159483.95,133159479.32,1369.99,2026-09-30 11:32:30.000,2026-09-30 11:35:38.515096,Top 10
ripple,XRP,XRP,1.51,95299688234.0,5,3846037967.0,1.56,1.48,-0.001661119350732765,-0.1631,63092975951.0,99985612577.0,3.65,2026-09-30 11:32:30.000,2026-09-30 11:35:38.515096,Top 10
usd-coin,USDC,USDC,0.999797,74336469924.0,6,16512946917.0,1.0,0.999773,-0.000136014140787566,-0.014,74350995030.05228,74343669906.25783,1.043,2026-09-30 11:32:30.000,2026-09-30 11:35:38.515096,Top 10
solana,SOL,Solana,119.35,70181452376.0,7,3691947734.0,121.58,117.46,-0.31185528155421594,-0.3602,588005936.378218,634996304.516124,293.31,2026-09-30 11:32:30.000,2026-09-30 11:35:38.515096,Top 10
tron,TRX,TRON,0.339661,32259703975.0,8,344014597.0,0.338802,0.333923,0.00428353,1.2828,94975713735.76129,94975714574.60388,0.431288,2026-09-30 11:32:30.000,2026-09-30 11:35:38.515096,Top 10
zcash,ZEC,Zcash,1421.04,24100281984.0,9,948939120.0,1458.28,1382.17,-5.105985515593829,-0.5016,16960081.4155448,16960520.4780448,3191.93,2026-09-30 11:32:30.000,2026-09-30 11:35:38.515096,Top 10
figure-heloc,FIGR_HELOC,Figure Heloc,1.03,23957083945.0,10,545092526.0,1.03,1.001,-2.340470029035e-06,0.0,23265196545.668,23265196545.668,1.062,2026-09-30 11:32:30.000,2026-09-30 11:35:38.515096,Top 10
hyperliquid,HYPE,Hyperliquid,86.75,19296463007.0,11,699788249.0,88.89,84.94,-1.9064108897011778,-2.1979,222445714.07414138,955307079.4341414,97.96,2026-09-30 11:32:30.000,2026-09-30 11:35:38.515096,Top 50
dogecoin,DOGE,Dogecoin,0.095238,14870802382.0,12,809006004.0,0.096315,0.092898,-0.000190010014534669,-0.2623,156128496383.7052,171841323126.579,0.731578,2026-09-30 11:32:30.000,2026-09-30 11:35:38.515096,Top 50
chainlink,LINK,Chainlink,14.37,10752259646.0,13,569461388.0,15.41,14.21,-1.048755720573233,-6.9425,748099970.424884,1000000000.0,52.7,2026-09-30 11:32:30.000,2026-09-30 11:35:38.515096,Top 50
monero,XMR,Monero,541.94,10195463286.0,14,104731848.0,550.19,536.68,0.967176,0.1615,18811379.469314773,18811401.66896268,797.73,2026-09-30 11:32:30.000,2026-09-30 11:35:38.515096,Top 50
usds,USDS,USDS,0.999886,10019540392.0,15,152312835.0,1.0,0.999052,0.00053012,0.0533,10020645317.014828,9797239516.819256,1.057,2026-09-30 11:32:30.000,2026-09-30 11:35:38.515096,Top 50
whitebit,WBT,WhiteBIT Coin,83.67,9945080300.0,16,102756984.0,84.59,82.89,-0.47453742533383547,-0.6017,118852171.0,293421670.0,87.91,2026-09-30 11:32:30.000,2026-09-30 11:35:38.515096,Top 50
cardano,ADA,Cardano,0.247515,9290823839.0,17,440263280.0,0.254268,0.240145,-0.004997633928090495,-2.1245,37535193928.91081,45000000000.0,3.09,2026-09-30 11:32:30.000,2026-09-30 11:35:38.515096,Top 50
rain,RAIN,Rain,0.01240597,8800632153.0,18,22793347.0,0.01289522,0.01216948,-9.4236198270125e-05,-0.7552,709246009021.1265,1142408526965.963,0.01946402,2026-09-30 11:32:30.000,2026-09-30 11:35:38.515096,Top 50
leo-token,LEO,LEO Token,9.06,8330389362.0,19,616694.0,9.1,8.99,-0.0083536751887614,-0.1203,919857851.9,985239504.0,10.61,2026-09-30 11:32:30.000,2026-09-30 11:35:38.515096,Top 50
ravedao,RAVE,RaveDAO,27.39,6764314064.0,19,330827836.0,27.88,16.55,9.01,49.0035,248044444.0,1000000000.0,27.88,2026-04-18 06:56:48.386,2026-04-18 06:57:00.190045,Top 50
stellar,XLM,Stellar,0.227997,7982967136.0,20,401528119.0,0.23466,0.219711,-0.005539704196954431,-2.4881,35021217041.31264,50001786839.69947,0.875563,2026-09-30 11:32:30.000,2026-09-30 11:35:38.515096,Top 50
near,NEAR,NEAR Protocol,5.27,6886866326.0,21,1411808699.0,5.32,4.77,0.459064,9.2329,1307687364.0,1307687374.0,20.44,2026-09-30 11:32:30.000,2026-09-30 11:35:38.515096,Top 50
bitcoin-cash,BCH,Bitcoin Cash,310.45,6239441911.0,22,213685679.0,313.65,303.27,-2.4303629314603654,-0.8741,20096334.27165077,20096378.02165077,3785.82,2026-09-30 11:32:30.000,2026-09-30 11:35:38.515096,Top 50
uniswap,UNI,Uniswap,8.85,5490081975.0,23,615206008.0,9.2,8.73,-0.29066163353136254,-3.2445,620330422.6104751,887606418.9163101,44.92,2026-09-30 11:32:30.000,2026-09-30 11:35:38.515096,Top 50
litecoin,LTC,Litecoin,67.59,5249825011.0,24,350057335.0,69.26,66.42,-1.2745725435559336,-1.978,77663642.04822686,77663660.79833868,410.26,2026-09-30 11:32:30.000,2026-09-30 11:35:38.515096,Top 50
canton-network,CC,Canton,0.125056,4968659483.0,25,26643026.0,0.131296,0.122096,-0.00502728474238695,-3.84,39726803931.64097,39726803931.64097,0.194152,2026-09-30 11:32:30.000,2026-09-30 11:35:38.515096,Top 50
avalanche-2,AVAX,Avalanche,11.12,4929674476.0,26,828635344.0,11.99,11.02,-0.5345735827100757,-4.5944,443103101.6634458,469771964.5072331,144.96,2026-09-30 11:32:30.000,2026-09-30 11:35:38.515096,Top 50
ethena-usde,USDE,Ethena USDe,0.999641,4903135578.0,27,29329600.0,0.999991,0.99956,-0.000154432703364016,-0.015,4904897237.502404,4904897237.502404,1.034,2026-09-30 11:32:30.000,2026-09-30 11:35:38.515096,Top 50
hedera-hashgraph,HBAR,Hedera,0.108229,4748993600.0,28,447903279.0,0.118837,0.101164,-0.00985969600283862,-8.5603,43831706393.35206,50000000000.0,0.569229,2026-09-30 11:32:30.000,2026-09-30 11:35:38.515096,Top 50
sui,SUI,Sui,1.15,4718596006.0,29,845032230.0,1.18,1.13,-0.027310069723462504,-2.6994,4096537146.5409594,10000000000.0,5.35,2026-09-30 11:32:30.000,2026-09-30 11:35:38.515096,Top 50
quant-network,QNT,Quant,321.3,4686718564.0,30,963207513.0,305.91,238.27,69.99,28.1616,14544176.164081175,14612493.0,427.42,2026-09-30 11:32:30.000,2026-09-30 11:35:38.515096,Top 50
dai,DAI,Dai,0.999842,4582341739.0,31,124609470.0,1.0,0.999781,-0.000195692802252512,-0.0333,4582199058.752384,4801653209.256227,1.22,2026-09-30 11:32:30.000,2026-09-30 11:35:38.515096,Top 50
usd1-wlfi,USD1,USD1,0.999233,4415075533.0,32,794361842.0,0.99986,0.999123,-0.000311542941319076,-0.0313,4418501462.099514,4418501462.099514,1.048,2026-09-30 11:32:30.000,2026-09-30 11:35:38.515096,Top 50
the-open-network,TON,Toncoin,1.5,4211178569.0,33,82975896.0,1.58,1.46,-0.09008489559599675,-5.7123,2816217966.732717,5258053575.336394,8.25,2026-09-30 11:32:30.000,2026-09-30 11:35:38.515096,Top 50
bittensor,TAO,Bittensor,304.1,3448766493.0,34,236226596.0,318.71,297.57,-11.409777898706182,-3.7306,11339645.9251,21000000.0,757.6,2026-09-30 11:32:30.000,2026-09-30 11:35:38.515096,Top 50
shiba-inu,SHIB,Shiba Inu,5.82e-06,3432903277.0,35,97346386.0,5.9e-06,5.68e-06,1.588e-08,0.2061,589238881717090.5,589496063978280.8,8.616e-05,2026-09-30 11:32:30.000,2026-09-30 11:35:38.515096,Top 50
tether-gold,XAUT,Tether Gold,4182.75,3384168463.0,36,169204635.0,4197.58,4145.08,21.21,0.5173,808994.63,827417.63,5504.62,2026-09-30 11:32:30.000,2026-09-30 11:35:38.515096,Top 50
crypto-com-chain,CRO,Cronos,0.067088,3337793964.0,37,16473187.0,0.071797,0.066437,-0.005692418159845419,-7.9362,49752755544.55761,98952751870.83551,0.891544,2026-09-30 11:32:30.000,2026-09-30 11:35:38.515096,Top 50
global-dollar,USDG,Global Dollar,1.0,3170085388.0,38,833877767.0,1.0,1.0,-0.000125390476105824,-0.0118,3169996248.275739,3169996248.275739,1.65,2026-09-30 11:32:30.000,2026-09-30 11:35:38.515096,Top 50
bitway,BTW,Bitway,1.15,3141895966.0,39,37257144.0,1.42,1.019,-0.14872507670211377,-11.7294,2708142280.000001,10000000000.0,1.43,2026-09-30 11:32:30.000,2026-09-30 11:35:38.515096,Top 50
paypal-usd,PYUSD,PayPal USD,0.999889,2752713148.0,40,60768177.0,1.0,0.999591,0.00013264,0.0135,2753008029.2279644,2753008029.227964,1.021,2026-09-30 11:32:30.000,2026-09-30 11:35:38.515096,Top 50
pump-fun,PUMP,Pump.fun,0.00573524,2670120068.0,41,488981737.0,0.00600583,0.00558178,0.00052558,9.9578,465335534842.4691,830837116146.0995,0.00881908,2026-09-30 11:32:30.000,2026-09-30 11:35:38.515096,Top 50
ethena,ENA,Ethena,0.253513,2560083185.0,42,503349582.0,0.263657,0.243957,0.00167097,0.5453,10095312500.0,15000000000.0,1.52,2026-09-30 11:32:30.000,2026-09-30 11:35:38.515096,Top 50
okb,OKB,OKB,120.16,2523419549.0,43,22262134.0,121.84,119.51,-1.0388484910348552,-0.8818,21000000.0,21000000.0,228.74,2026-09-30 11:32:30.000,2026-09-30 11:35:38.515096,Top 50
ripple-usd,RLUSD,Ripple USD,1.0,2521419592.0,44,227526202.0,1.0,0.999922,-3.7156664363103e-05,-0.0019,2521161894.0172057,2520234035.01721,1.073,2026-09-30 11:32:30.000,2026-09-30 11:35:38.515096,Top 50
aave,AAVE,Aave,160.2,2472721303.0,45,594214299.0,175.9,158.73,-11.0195636778773,-6.7023,15434057.442315163,16000000.0,661.69,2026-09-30 11:32:30.000,2026-09-30 11:35:38.515096,Top 50
ondo-finance,ONDO,Ondo,0.504068,2455702034.0,46,300251771.0,0.526145,0.495005,-0.01657284460580677,-3.2622,4869330647.0,10000000000.0,2.14,2026-09-30 11:32:30.000,2026-09-30 11:35:38.515096,Top 50
hashnote-usyc,USYC,Circle USYC,1.14,2405770484.0,47,0.0,1.14,1.14,0.00010587,0.0093,2112540966.379779,2112540966.379779,1.14,2026-09-30 11:32:30.000,2026-09-30 11:35:38.515096,Top 50
memecore,M,MemeCore,1.041,2374123610.0,48,1212560.0,1.068,1.009,-0.023279139802171,-2.1839,2280985191.6247225,5419974937.131947,5.64,2026-09-30 11:32:30.000,2026-09-30 11:35:38.515096,Top 50
mantle,MNT,Mantle,0.690106,2278417284.0,49,35911167.0,0.687697,0.66233,0.02310705,3.4381,3302294382.53684,6219316794.889999,2.86,2026-09-30 11:32:30.000,2026-09-30 11:35:38.515096,Top 50
ondo-us-dollar-yield,USDY,Ondo US Dollar Yield,1.15,2277496145.0,50,3546594.0,1.15,1.14,-0.002034290944764594,-0.2147,1985130238.015883,1985130238.015883,1.26,2026-09-30 11:32:30.000,2026-09-30 11:35:38.515096,Top 50
blackrock-usd-institutional-digital-liquidity-fund,BUIDL,BlackRock USD Institutional Digital Liquidity Fund,1.0,2261930284.0,51,0.0,1.0,1.0,-1.11e-16,0.0,2261930284.2276487,2261930284.227648,1.0,2026-09-30 11:32:30.000,2026-09-30 11:35:38.515096,Top 100
polkadot,DOT,Polkadot,1.22,2081150119.0,52,197380402.0,1.25,1.16,0.00779416,0.4019,1705159021.3244243,1705169102.497835,54.98,2026-09-30 11:32:30.000,2026-09-30 11:35:38.515096,Top 100
aster-2,ASTER,Aster,0.765249,2074271875.0,53,215446367.0,0.77167,0.71422,0.03344353,4.4746,2710487455.6497307,7795741639.234323,2.41,2026-09-30 11:32:30.000,2026-09-30 11:35:38.515096,Top 100
worldcoin-wld,WLD,Worldcoin,0.518328,1993362659.0,54,462675173.0,0.522141,0.478582,0.01529753,2.6137,3845635688.434736,10000000000.0,11.74,2026-09-30 11:32:30.000,2026-09-30 11:35:38.515096,Top 100
sky,SKY,Sky,0.082216,1926439140.0,55,24346813.0,0.087303,0.080675,-0.000846011034044719,-1.0655,23425330457.033848,23459804203.60596,0.100535,2026-09-30 11:32:30.000,2026-09-30 11:35:38.515096,Top 100
internet-computer,ICP,Internet Computer,3.42,1904684622.0,56,152454706.0,3.55,3.3,0.076018,2.1577,556948179.1312561,556948179.1312561,700.65,2026-09-30 11:32:30.000,2026-09-30 11:35:38.515096,Top 100
pax-gold,PAXG,PAX Gold,4188.79,1823398073.0,57,147038476.0,4206.32,4150.46,21.22,0.5105,435300.590539,435300.590539,5619.09,2026-09-30 11:32:30.000,2026-09-30 11:35:38.515096,Top 100
pepe,PEPE,Pepe,4.33e-06,1822700900.0,58,274942730.0,4.38e-06,4.17e-06,4.742e-08,1.0127,420690000000000.0,420690000000000.0,2.803e-05,2026-09-30 11:32:30.000,2026-09-30 11:35:38.515096,Top 100
midnight-3,NIGHT,Midnight,0.03181838,528420546.0,59,15183403.0,0.03210864,0.03120602,-0.000170501813192073,-0.533,16607399400.63495,24000000000.0,0.118529,2026-07-09 09:04:00.170,2026-07-09 09:21:32.780125,Top 100
morpho,MORPHO,Morpho,2.58,1804793093.0,59,40911731.0,2.62,2.45,0.00392409,0.063,699663410.5651104,1000000000.0,4.17,2026-09-30 11:32:30.000,2026-09-30 11:35:38.515096,Top 100
world-liberty-financial,WLFI,World Liberty Financial,0.056529,1796927736.0,60,38546555.0,0.057822,0.056025,-0.001089056094722984,-1.9226,31778337976.0,100000000000.0,0.331336,2026-09-30 11:32:30.000,2026-09-30 11:35:38.515096,Top 100
htx-dao,HTX,HTX DAO,1.72e-06,1543008582.0,61,70992476.0,1.72e-06,1.7e-06,-2.55551608e-09,0.0992,898232728634017.2,898232728634017.2,3.75e-06,2026-09-30 11:32:30.000,2026-09-30 11:35:38.515096,Top 100
usdd,USDD,USDD,0.999594,1519600500.0,62,2736652.0,0.999907,0.997956,0.00039161,0.0402,1520212176.0,1520956510.0,1.24,2026-09-30 11:32:30.000,2026-09-30 11:35:38.515096,Top 100
united-stables,U,United Stables,0.999427,1496915065.0,63,128984331.0,0.999708,0.999208,-7.8501020627786e-05,-0.0058,1497830391.63,1497830391.63,1.008,2026-09-30 11:32:30.000,2026-09-30 11:35:38.515096,Top 100
spiko-amundi-overnight-swap-fund-eur,EURSAFO,Spiko Amundi Overnight Swap Fund (EUR),1.15,1490852963.0,64,0.0,1.15,1.15,0.00112082,0.0974,1294888117.53114,1294888117.53114,1.18,2026-09-30 11:32:30.000,2026-09-30 11:35:38.515096,Top 100
ethereum-classic,ETC,Ethereum Classic,9.14,1448604846.0,65,76875983.0,9.35,8.98,-0.14076739019238715,-1.5481,158330316.25259516,158330712.0285951,167.09,2026-09-30 11:32:30.000,2026-09-30 11:35:38.515096,Top 100
bitget-token,BGB,Bitget Token,1.98,1389218533.0,66,10718914.0,2.01,1.97,-0.010430799658492695,-0.5197,699992029.6481037,910920874.6481038,8.45,2026-09-30 11:32:30.000,2026-09-30 11:35:38.515096,Top 100
ousg,OUSG,OUSG,115.83,402706438.0,66,0.0,115.83,115.82,0.010508,0.0091,3476733.604058506,3476733.604058506,115.83,2026-07-09 09:20:17.250,2026-07-09 09:21:32.780125,Top 100
arbitrum,ARB,Arbitrum,0.203615,1381673791.0,67,246042976.0,0.215874,0.200679,-0.008860772429204467,-4.2223,6785574605.0,10000000000.0,2.39,2026-09-30 11:32:30.000,2026-09-30 11:35:38.515096,Top 100
falcon-finance,USDF,Falcon USD,0.996323,1372701529.0,68,285504.0,0.99682,0.992215,0.00050837,0.0516,1377762950.1346345,1377762950.134634,1.075,2026-09-30 11:32:30.000,2026-09-30 11:35:38.515096,Top 100
hastra-prime,PRIME,Hastra PRIME,1.047,387635121.0,68,2704169.0,1.048,1.045,0.00120795,0.1156,370361142.684172,370361142.684172,1.5,2026-07-09 09:09:58.334,2026-07-09 09:21:32.780125,Top 100
bfusd,BFUSD,BFUSD,0.999087,1318799243.0,69,1511332.0,0.999898,0.998781,-0.000555369639651748,-0.0552,1320000000.0,1320000000.0,1.007,2026-09-30 11:32:30.000,2026-09-30 11:35:38.515096,Top 100
venice-token,VVV,Venice Token,27.16,1310897739.0,70,39475580.0,27.95,26.42,-0.8213584429971483,-3.0659,48267621.48254591,81076072.21120356,34.53,2026-09-30 11:32:30.000,2026-09-30 11:35:38.515096,Top 100
celestia,TIA,Celestia,0.400032,376202003.0,71,437595.0,0.400922,0.380763,0.01884288,4.9432,940430228.328837,1172297556.65648,20.85,2026-07-09 09:06:30.311,2026-07-09 09:21:32.780125,Top 100
polygon-ecosystem-token,POL,POL (ex-MATIC),0.11569,1229084194.0,71,140898578.0,0.125235,0.114742,-0.001047942696507528,-1.1666,10623408382.660114,10623408382.660112,1.29,2026-09-30 11:32:30.000,2026-09-30 11:35:38.515096,Top 100
fetch-ai,FET,Artificial Superintelligence Alliance,0.160546,360817127.0,72,1345938.0,0.162678,0.154919,0.00321107,2.0409,2247437078.098724,2714384546.672,3.45,2026-07-09 09:05:06.901,2026-07-09 09:21:32.780125,Top 100
kaspa,KAS,Kaspa,0.04368431,1211593993.0,72,18830641.0,0.04640033,0.04263568,-0.002332223792245479,-5.148,27729099296.285748,27729875772.51694,0.207411,2026-09-30 11:32:30.000,2026-09-30 11:35:38.515096,Top 100
lab,LAB,LAB,1.15,357868933.0,73,143736012.0,2.78,1.054,-1.6384777743444865,-58.8639,312542846.0,1000000000.0,27.3,2026-07-09 09:07:13.305,2026-07-09 09:21:32.780125,Top 100
usdgo,USDGO,USDGO,1.0,1186720520.0,73,72328627.0,1.0,0.999946,0.00011003,0.0107,1186633294.97,1186633294.97,1.002,2026-09-30 11:32:30.000,2026-09-30 11:35:38.515096,Top 100
adi-token,ADI,ADI,6.77,847935822.0,74,4642697.0,6.85,6.65,0.03365703,0.5,125331789.216296,999999999.0,8.03,2026-07-22 08:06:57.024,2026-07-22 08:08:31.315147,Top 100
bonk,BONK,Bonk,4.02e-06,353554398.0,74,42792475.0,4.05e-06,3.91e-06,5.7283e-08,1.4463,87994713129518.94,87994713129519.08,5.825e-05,2026-07-09 09:00:59.080,2026-07-09 09:21:32.780125,Top 100
gatechain-token,GT,Gate,10.84,1155770852.0,74,1163611.0,10.98,10.67,-0.018968221421568288,-0.1628,106645917.30714393,118897240.13105331,25.38,2026-09-30 11:32:30.000,2026-09-30 11:35:38.515096,Top 100
algorand,ALGO,Algorand,0.125575,1137315008.0,75,180791025.0,0.133209,0.122539,-0.007143892018380699,-5.4536,9058106367.9364,9058156833.355715,3.56,2026-09-30 11:32:30.000,2026-09-30 11:35:38.515096,Top 100
audiera,BEAT,Audiera,2.53,835435899.0,75,44720424.0,3.95,2.39,-0.7139293822945758,-20.3,330516666.0,1000000000.0,11.23,2026-08-10 07:07:10.000,2026-08-10 07:10:51.230832,Top 100
terra-luna,LUNC,Terra Luna Classic,6.19e-05,342203201.0,75,2533165.0,6.237e-05,5.859e-05,2.58e-06,4.3567,5528621678555.85,6454397775241.986,119.18,2026-07-09 09:06:25.841,2026-07-09 09:21:32.780125,Top 100
apxusd,APXUSD,apxUSD,0.857041,311356535.0,76,5219017.0,0.863275,0.813214,0.01973515,2.357,363292443.2739169,363292443.2739169,1.11,2026-07-09 09:21:10.934,2026-07-09 09:21:32.780125,Top 100
jupiter-exchange-solana,JUP,Jupiter,0.333868,1108441502.0,76,111604448.0,0.338837,0.319441,0.00305409,0.5397,3319369204.37,6861486533.648216,2.0,2026-09-30 11:32:30.000,2026-09-30 11:35:38.515096,Top 100
just,JST,JUST,0.128757,1054366024.0,77,36653072.0,0.130477,0.124542,-0.001461004391077297,-1.1694,8188743036.341737,8188743036.341737,0.193254,2026-09-30 11:32:30.000,2026-09-30 11:35:38.515096,Top 100
monad,MON,Monad,0.02341114,276840611.0,78,104166682.0,0.02413305,0.02239397,-0.000131788353586654,-0.5598,11825165000.0,100682925000.0,0.04882901,2026-07-09 09:11:30.510,2026-07-09 09:21:32.780125,Top 100
pi-network,PI,Pi Network,0.091654,1030451281.0,78,6054934.0,0.092319,0.089799,0.00030084,0.2434,11243022455.380999,17296957623.66307,2.99,2026-09-30 11:32:30.000,2026-09-30 11:35:38.515096,Top 100
bitcoin-cash-sv,BSV,Bitcoin SV,13.34,267594988.0,79,9453406.0,13.47,12.92,0.310638,2.3834,20053418.75,20053418.75,489.75,2026-07-09 09:01:25.074,2026-07-09 09:21:32.780125,Top 100
kucoin-shares,KCS,KuCoin,7.4,1014454625.0,79,3540189.0,7.53,7.36,-0.0815731404246991,-1.1052,137155021.2773955,142155021.7355671,28.83,2026-09-30 11:32:30.000,2026-09-30 11:35:38.515096,Top 100
render-token,RENDER,Render,1.95,1009252448.0,80,66951276.0,1.98,1.88,-0.007997463108550429,-0.5851,518776241.28269154,533536414.5626915,13.53,2026-09-30 11:32:30.000,2026-09-30 11:35:38.515096,Top 100
tezos,XTZ,Tezos,0.237949,259378487.0,80,11129771.0,0.250815,0.237531,-0.009740160961417055,-3.9324,1090060141.931485,1110045290.804519,9.12,2026-07-09 09:00:28.121,2026-07-09 09:21:32.780125,Top 100
blockchain-capital,BCAP,Blockchain Capital,107.53,979825296.0,81,0.0,107.53,107.53,0.0,0.0,9112111.0,9112111.0,107.53,2026-09-30 11:32:30.000,2026-09-30 11:35:38.515096,Top 100
plasma,XPL,Plasma,0.093552,243236231.0,81,65691961.0,0.094015,0.08938,0.00184929,2.0166,2600000000.0,10000000000.0,1.68,2026-07-09 09:06:48.625,2026-07-09 09:21:32.780125,Top 100
lighter,LIT,Lighter,3.9,975602437.0,82,272011377.0,4.6,3.65,-0.5388946971414272,-12.1973,250000000.0,1000000000.0,7.86,2026-09-30 11:32:30.000,2026-09-30 11:35:38.515096,Top 100
peanut-2-2,PEANUT,Peanut,0.00073607,228181317.0,82,0.0,0.999991,0.999023,-2.340470029035e-06,0.0,310000000000.0,310000000000.0,0.00082759,2026-06-30 02:51:08.390,2026-07-09 09:21:32.780125,Top 100
conflux-token,CFX,Conflux,0.04251519,221669296.0,83,4822914.0,0.04322301,0.04173359,0.0006219,1.4845,5213885114.89,5222423810.33,1.7,2026-07-09 09:01:36.284,2026-07-09 09:21:32.780125,Top 100
cosmos,ATOM,Cosmos Hub,1.72,915089243.0,83,55194840.0,1.79,1.7,-0.06051771167610842,-3.585,533409461.870436,533418980.132871,43.84,2026-09-30 11:32:30.000,2026-09-30 11:35:38.515096,Top 100
filecoin,FIL,Filecoin,1.065,886214984.0,84,111494395.0,1.11,1.051,-0.019403542692654874,-2.0223,831938899.0,1957020634.0,236.84,2026-09-30 11:32:30.000,2026-09-30 11:35:38.515096,Top 100
floki,FLOKI,FLOKI,2.294e-05,221347105.0,84,13548955.0,2.301e-05,2.213e-05,7.38169e-07,3.3245,9648099351993.49,9648099351993.49,0.00034495,2026-07-09 09:01:45.977,2026-07-09 09:21:32.780125,Top 100
humanity,H,Humanity,0.404059,740162595.0,84,210179009.0,0.634899,0.194941,-0.20057396762549495,-33.1729,1825000000.0,10000000000.0,0.843867,2026-06-15 11:45:24.999,2026-06-15 11:46:14.452455,Top 100
pancakeswap-token,CAKE,PancakeSwap,2.62,867374972.0,85,72454406.0,2.62,2.52,0.01833687,0.5382,330676411.39033484,342286106.3883723,43.96,2026-09-30 11:32:30.000,2026-09-30 11:35:38.515096,Top 100
zebec-network,ZBCN,Zebec Network,0.00221954,217408164.0,85,12586073.0,0.00223418,0.0021169,3.512e-05,1.6076,97951717939.67068,99997610703.82208,0.00700261,2026-07-09 09:05:28.895,2026-07-09 09:21:32.780125,Top 100
nexo,NEXO,NEXO,0.83951,838942955.0,86,4067984.0,0.852853,0.834545,-0.000854141991642354,-0.0795,1000000000.0,1000000000.0,4.07,2026-09-30 11:32:30.000,2026-09-30 11:35:38.515096,Top 100
onyc,ONYC,OnRe Tokenized Reinsurance,1.12,217345392.0,86,965342.0,1.12,1.12,0.00036388,0.0325,193849973.1441257,193849973.1441257,1.12,2026-07-09 09:05:15.842,2026-07-09 09:21:32.780125,Top 100
usdtb,USDTB,USDtb,1.0,727506433.0,86,6286485.0,1.001,0.999873,0.00026808,0.0268,727194147.4361825,727194147.4361825,1.057,2026-07-15 07:50:33.927,2026-07-15 07:50:45.227445,Top 100
aerodrome-finance,AERO,Aerodrome Finance,0.808701,805156693.0,87,54443693.0,0.832285,0.790063,-0.02223845180774664,-2.7509,995540542.9514735,1988034890.229641,2.32,2026-09-30 11:32:30.000,2026-09-30 11:35:38.515096,Top 100
tradable-na-rent-financing-platform-sstn,PC0000031,Tradable NA Rent Financing Platform SSTN,1.0,202500000.0,87,0.0,1.0,1.0,0.0,0.0,202500000.0,202500000.0,189500000.0,2026-07-09 09:20:13.532,2026-07-09 09:21:32.780125,Top 100
build-on,B,BUILDon,0.707122,705209749.0,88,50619607.0,0.706565,0.591027,0.079625,12.6893,1000000000.0,1000000000.0,0.731588,2026-05-13 08:33:07.763,2026-05-13 08:33:57.867622,Top 100
crvusd,CRVUSD,crvUSD,0.999123,201443299.0,88,12250995.0,0.999517,0.9986,0.00014434,0.0145,201620172.5931269,201620172.5931269,1.11,2026-07-09 09:07:02.460,2026-07-09 09:21:32.780125,Top 100
dash,DASH,Dash,61.73,793412213.0,88,111583233.0,62.34,59.79,0.166849,0.0796,12848731.96775595,12848795.92793012,1493.59,2026-09-30 11:32:30.000,2026-09-30 11:35:38.515096,Top 100
decred,DCR,Decred,10.96,191838936.0,89,615365.0,11.03,10.83,-0.03931222666306233,-0.3574,17503745.89133322,17504025.27937183,247.35,2026-07-09 09:01:00.228,2026-07-09 09:21:32.780125,Top 100
superstate-short-duration-us-government-securities-fund-ustb,USTB,Superstate Short Duration U.S. Government Securities Fund (USTB),11.23,773852515.0,89,0.0,11.23,11.22,0.003325,0.0296,68923082.268374,68814879.203858,11.23,2026-09-30 11:32:30.000,2026-09-30 11:35:38.515096,Top 100
ylds,YLDS,YLDS,0.999988,684723494.0,89,4366180.0,1.0,0.999962,-4.67838454199e-06,-0.0028,684730827.06,684730827.06,1.001,2026-08-28 17:50:20.000,2026-08-28 17:53:56.429668,Top 100
marscat-token,MCAT,Marscat Token,0.713016,709335545.0,90,17538843.0,0.819144,0.217044,0.474694,198.6437,1000000000.0,1000000000.0,0.819144,2026-09-17 10:37:10.000,2026-09-17 10:39:49.457992,Top 100
nexus-4,NEX,Nexus,3.02e-06,181338861.0,90,9604832.0,3.75e-06,2.6e-06,3.95168e-07,15.0729,60000000000000.0,100000000000000.0,6.88e-06,2026-07-09 09:21:16.202,2026-07-09 09:21:32.780125,Top 100
skyai,SKYAI,SkyAI,0.676138,667673438.0,90,54496701.0,0.698226,0.577847,0.068048,11.1904,998384107.7857016,998384107.7857016,0.854253,2026-05-09 07:42:21.375,2026-05-09 07:43:18.522505,Top 100
vechain,VET,VeChain,0.0089882,773067578.0,90,11299006.0,0.00909389,0.00862019,-2.6807556916596e-05,-0.4731,85985041177.0,85985041177.0,0.280991,2026-09-30 11:32:30.000,2026-09-30 11:35:38.515096,Top 100
stable-2,STABLE,​​Stable,0.02861628,766455130.0,91,9741759.0,0.02970363,0.02830803,-8.6512429125812e-05,-0.3561,26783988683.0,100000000000.0,0.04323745,2026-09-30 11:32:30.000,2026-09-30 11:35:38.515096,Top 100
usa,USAT,USAT,0.998465,185199464.0,91,1297981.0,0.998961,0.998015,7.809e-05,0.0078,185484223.5,185484223.5,1.002,2026-07-09 09:21:11.368,2026-07-09 09:21:32.780125,Top 100
injective-protocol,INJ,Injective,7.61,760583958.0,92,120940860.0,7.81,7.54,-0.029109294849342326,-0.4894,100000000.0,100000000.0,52.62,2026-09-30 11:32:30.000,2026-09-30 11:35:38.515096,Top 100
syrup,SYRUP,Maple Finance,0.157453,183258958.0,92,12419098.0,0.180645,0.157435,-0.020022142754758332,-11.2817,1163896772.4610674,1244677492.511099,0.653229,2026-07-09 09:04:18.135,2026-07-09 09:21:32.780125,Top 100
akedo,AKE,Akedo,0.03331325,760041179.0,93,16698656.0,0.03793059,0.03001413,0.00239444,7.8269,22796250000.0,100000000000.0,0.146656,2026-09-30 11:32:30.000,2026-09-30 11:35:38.515096,Top 100
chiliz,CHZ,Chiliz,0.0171446,179221489.0,93,34991059.0,0.01733654,0.01634302,0.00073628,4.4872,10453524864.0,10453524864.0,0.878633,2026-07-09 09:01:45.348,2026-07-09 09:21:32.780125,Top 100
janus-henderson-anemoy-treasury-fund,JTRSY,Janus Henderson Anemoy Treasury Fund,1.12,650205297.0,93,0.0,1.12,1.12,5.4e-05,0.0048,582549198.395,582549198.395,1.12,2026-09-17 10:37:10.000,2026-09-17 10:39:49.457992,Top 100
ether-fi,ETHFI,Ether.fi,0.762803,736289078.0,94,88105059.0,0.820294,0.751087,0.00561232,0.4192,965350000.0,965350000.0,8.53,2026-09-30 11:32:30.000,2026-09-30 11:35:38.515096,Top 100
siren-2,SIREN,Siren,0.762777,553777959.0,94,43576886.0,1.24,0.702253,-0.44360490001168074,-36.7715,725822302.5915568,725822302.5915568,3.61,2026-06-10 09:39:03.919,2026-06-10 09:40:31.466787,Top 100
eutbl,EUTBL,Spiko EU T-Bills Money Market Fund,1.2,706123453.0,95,0.0,1.2,1.2,0.001186,0.0986,586618831.95231,579096560.53668,1.26,2026-09-30 11:32:30.000,2026-09-30 11:35:38.515096,Top 100
spiko-us-t-bills-money-market-fund,USTBL,Spiko US T-Bills Money Market Fund,1.089,178301678.0,95,49.95,1.089,1.089,7.8e-05,0.0072,163738151.86202,163738151.86202,1.089,2026-07-09 09:15:20.123,2026-07-09 09:21:32.780125,Top 100
akash-network,AKT,Akash Network,0.593228,173269386.0,96,3653408.0,0.595107,0.571545,0.02040431,3.5621,292078878.414427,295588604.922474,8.07,2026-07-09 09:00:55.019,2026-07-09 09:21:32.780125,Top 100
gho,GHO,GHO,0.99918,698429139.0,96,5901682.0,0.999572,0.999023,-9.2679087801972e-05,-0.0087,699000000.0,699000000.0,1.03,2026-09-30 11:32:30.000,2026-09-30 11:35:38.515096,Top 100
aptos,APT,Aptos,0.799725,696652492.0,97,84576714.0,0.853207,0.779952,-0.04200003013383424,-5.0551,871015497.6070313,1209455758.078098,19.92,2026-09-30 11:32:30.000,2026-09-30 11:35:38.515096,Top 100
bianrensheng,币安人生,币安人生 (BinanceLife),0.471702,471708230.0,97,13952225.0,0.524803,0.471558,-0.008126760390670451,-1.8,1000000000.0,1000000000.0,0.894202,2026-08-17 06:31:20.000,2026-08-17 06:33:52.296165,Top 100
curve-dao-token,CRV,Curve DAO,0.379413,589999596.0,97,83981659.0,0.405384,0.362401,0.00444348,1.185,1554722092.0,2416075556.920271,15.37,2026-09-07 11:00:20.000,2026-09-07 11:03:24.396990,Top 100
ethereum-name-service,ENS,Ethereum Name Service,4.14,169338125.0,97,12766749.0,4.17,3.99,0.141697,3.5434,40896454.15143091,100000000.0,83.4,2026-07-09 09:05:29.701,2026-07-09 09:21:32.780125,Top 100
janus-henderson-anemoy-aaa-clo-fund,JAAA,Janus Henderson Anemoy AAA CLO Fund,1.05,677692166.0,97,0.0,1.05,1.05,0.0,0.0,645128652.594015,645128652.594015,1.05,2026-09-23 10:25:10.000,2026-09-23 10:28:45.926513,Top 100
river,RIVER,River,26.43,518088228.0,97,59847889.0,32.0,26.3,0.132932,0.5054,19600000.0,100000000.0,87.73,2026-03-23 06:57:27.555,2026-03-23 06:59:23.465384,Top 100
virtual-protocol,VIRTUAL,Virtuals Protocol,0.901566,592186832.0,97,84092081.0,0.945356,0.887944,-0.025446111237422242,-2.745,656842496.6958218,1000000000.0,5.07,2026-05-10 07:56:24.392,2026-05-10 07:57:40.203136,Top 100
edgex,EDGE,edgeX,0.472897,165533164.0,98,79064252.0,0.559039,0.378865,-0.01564645922689467,-3.2027,350000000.0,1000000000.0,1.54,2026-07-09 09:21:14.901,2026-07-09 09:21:32.780125,Top 100
megausd,USDM,MegaUSD,0.99932,531658122.0,98,6584690.0,1.006,0.992684,-0.000656137347177177,-0.0656,532266089.938289,532266089.938289,1.017,2026-05-03 07:47:26.226,2026-05-03 07:48:18.026049,Top 100
pons,PONS,Pons,0.811001,578895936.0,98,203542623.0,0.941194,0.732602,-0.11848330661310069,-12.7472,712104762.0614183,712104762.0614183,0.971034,2026-09-07 11:00:20.000,2026-09-07 11:03:24.396990,Top 100
xdce-crowd-sale,XDC,XDC Network,0.03404809,679264721.0,98,19915443.0,0.03744824,0.03303431,-0.002448373617258255,-6.6886,19946688440.0,38065686425.1,0.192754,2026-09-30 11:32:30.000,2026-09-30 11:35:38.515096,Top 100
blockstack,STX,Stacks,0.350319,655100315.0,99,38971161.0,0.359663,0.33177,0.00931538,2.7318,1869719633.979279,1869719633.979279,3.86,2026-09-27 11:00:30.000,2026-09-27 11:02:31.522721,Top 100
flare-networks,FLR,Flare,0.00748546,651280838.0,99,6109964.0,0.00762174,0.00726099,8.352e-05,1.1051,87006494080.98895,106656445794.9865,0.150073,2026-09-30 11:32:30.000,2026-09-30 11:35:38.515096,Top 100
iota,IOTA,IOTA,0.03685238,167084136.0,99,6614707.0,0.03737289,0.03606988,0.00071453,1.9772,4533876091.0,4929729244.0,5.25,2026-07-09 09:05:37.121,2026-07-09 09:21:32.780125,Top 100
pyth-network,PYTH,Pyth Network,0.08089,635981148.0,99,57631288.0,0.086959,0.079059,-0.006426148240394211,-6.4283,7874959364.858933,10000000000.0,1.2,2026-09-28 12:20:20.000,2026-09-28 12:22:53.287990,Top 100
spx6900,SPX,SPX6900,0.607816,566005061.0,99,8134500.0,0.614077,0.588114,0.01085432,1.8183,930987335.2481942,930987335.2481942,2.27,2026-09-06 09:52:20.000,2026-09-06 09:55:00.746873,Top 100
unibase,UB,Unibase,0.219261,548652262.0,99,28237162.0,0.22011,0.188582,0.01511276,7.4028,2500000000.0,10000000000.0,0.242482,2026-05-27 09:29:06.689,2026-05-27 09:29:23.971262,Top 100
usual-usd,USD0,Usual USD,0.999115,547130915.0,99,787282.0,0.999333,0.997592,0.00020317,0.0208,547613563.7506955,547613563.7506955,1.33,2026-09-16 10:27:20.000,2026-09-16 10:30:13.874456,Top 100
usx,USX,USX,0.999387,506198621.0,99,2248919.0,1.001,0.999196,-8.5834857031175e-05,0.0,506497235.856,506497235.856,1.21,2026-08-21 06:26:20.000,2026-08-21 06:29:08.285872,Top 100
beldex,BDX,Beldex,0.078095,614416210.0,100,2838335.0,0.078414,0.075721,0.00155338,2.0103,7870836369.914431,9939718245.38,0.450785,2026-09-25 10:47:30.000,2026-09-25 10:50:18.360683,Top 100
euro-coin,EURC,EURC,1.16,475008806.0,100,29320142.0,1.16,1.16,-0.002752792847505958,-0.1,410724495.1998731,410724495.1998731,1.35,2026-08-18 06:23:30.000,2026-08-18 06:25:36.786874,Top 100
hash-2,HASH,Provenance Blockchain,0.00836274,473695100.0,100,4127.58,0.00847861,0.00832921,-4.4087220746827e-05,-0.7,56641973058.0,94978475357.64638,0.060147,2026-08-19 06:23:20.000,2026-08-19 06:26:09.941174,Top 100
kite-2,KITE,Kite,0.229445,521783341.0,100,31086398.0,0.237526,0.227278,-0.00575918449123991,-2.4486,2273255814.0,10000000000.0,0.319747,2026-05-22 08:47:45.614,2026-05-22 08:49:16.535463,Top 100
layerzero,ZRO,LayerZero,1.99,502957222.0,100,51062836.0,2.02,1.88,0.07443,3.8791,252331652.6536562,1000000000.0,7.47,2026-04-10 07:15:41.624,2026-04-10 07:16:22.301658,Top 100
official-trump,TRUMP,Official Trump,2.17,612424463.0,100,252613047.0,2.17,2.0,0.158059,7.8497,281867936.287634,1000000000.0,73.43,2026-09-21 11:25:00.000,2026-09-21 11:28:03.224506,Top 100
pudgy-penguins,PENGU,Pudgy Penguins,0.0101377,637267499.0,100,236074919.0,0.01029776,0.0095395,0.00050361,4.9378,62860396090.0,76722801185.5352,0.068447,2026-09-30 11:32:30.000,2026-09-30 11:35:38.515096,Top 100
tradable-apac-diversified-finance-provider-sstn,PC0000033,Tradable APAC Diversified Finance Provider SSTN,1.0,162500000.0,100,0.0,1.0,1.0,0.0,0.0,162500000.0,162500000.0,1.0,2026-07-09 09:20:13.069,2026-07-09 09:21:32.780125,Top 100
true-usd,TUSD,TrueUSD,0.997964,493505009.0,100,19426033.0,0.998444,0.996783,-0.000294171398135701,0.0,494515083.0,494515083.0,1.62,2026-08-20 06:24:20.000,2026-08-20 06:27:48.808036,Top 100
velvet,VELVET,Velvet,1.12,473223547.0,100,57697460.0,1.22,0.881999,0.116591,59.2,423425749.53456956,1000000000.0,2.08,2026-08-15 06:18:20.000,2026-08-15 06:20:56.772689,Top 100
a7a5,A7A5,A7A5,0.01186736,465545166.0,101,147.53,0.01186802,0.01178851,3.878e-05,0.3,39227496669.33073,39227496669.33073,0.229635,2026-08-16 06:20:30.000,2026-08-16 06:22:59.483545,Top 100
billions-network,BILL,Billions Network,0.230013,558156342.0,101,2187024892.0,0.230595,0.164337,0.05485,31.3135,2428000000.0,10000000000.0,0.230595,2026-05-15 08:37:46.685,2026-05-15 08:38:44.990545,Top 100
dexe,DEXE,DeXe,5.93,571570284.0,135,975837654.0,5.37,2.24,3.66,156.2,96504599.33609451,96504599.33609451,48.91,2026-07-25 07:47:20.000,2026-07-25 07:50:44.588047,Top 100
talus,US,Talus,0.050834,507224557.0,197,5118011.0,0.056929,0.04820378,0.00093922,5.8,10000000000.0,10000000000.0,0.060254,2026-08-03 09:19:30.000,2026-08-03 09:22:00.555195,Top 100
automatic-treasury-machine,ATM,Automatic Treasury Machine,1.67,1661833108.0,11316,784243.0,1.67,5.1e-06,1.67,32746755.9,995509065.260622,995509065.260622,1.67,2026-07-28 08:11:20.000,2026-07-28 08:14:26.764378,Top 100
