id,symbol,name,current_price,market_cap,market_cap_rank,total_volume,high_24h,low_24h,price_change_24h,price_change_pct_24h,circulating_supply,total_supply,ath,last_updated,ingested_at,tier,category,sector,consensus,founded_year,risk_score,volatility_30d,sharpe_ratio,beta,legal_status,regulated,main_exchange,sentiment_score,sentiment_label,social_mentions_24h,whitepaper_year,team_size,github_commits_30d,partnerships_count,listed_exchanges,trading_pairs,listing_year,cmc_rank_2023,investment_score
bitcoin,BTC,Bitcoin,83267.0,1673152452967.0,1,40372139300.0,83398.0,80427.0,872.83,1.0593,20095612.0,20095668.0,126080.0,2026-10-09 12:16:53.000,2026-10-09 12:17:45.173415,Top 10,Store of Value,Currency,PoW,2009.0,3.2,0.45,1.8,1.0,Legal,Yes,NYSE,0.72,Positive,95420.0,2008.0,120.0,450.0,85.0,500.0,10000.0,2010.0,1.0,0.58
ethereum,ETH,Ethereum,2505.56,305949096503.0,2,17755337664.0,2539.98,2409.36,-31.19516612443249,-1.2297,122118912.35618876,122118912.3561887,4946.05,2026-10-09 12:16:53.000,2026-10-09 12:17:45.173415,Top 10,Smart Contract,Platform,PoS,2015.0,4.1,0.58,1.5,1.2,Legal,Yes,NASDAQ,0.65,Positive,72310.0,2014.0,350.0,1200.0,120.0,480.0,8500.0,2015.0,2.0,0.692
tether,USDT,Tether,0.999245,184104296030.0,3,74822609880.0,0.999504,0.999137,-0.0001057157651991,-0.0106,184243755711.5305,189710704214.9262,1.32,2026-10-09 12:16:53.000,2026-10-09 12:17:45.173415,Top 10,Stablecoin,Payments,N/A,2014.0,1.0,0.01,0.1,0.0,Legal,Partial,OTC,0.1,Neutral,12500.0,2014.0,80.0,80.0,45.0,400.0,7000.0,2015.0,3.0,0.3583
binancecoin,BNB,BNB,744.2,99094254266.0,4,1274106579.0,760.77,717.92,-17.680638301136014,-2.3207,133158811.41,133158807.03,1369.99,2026-10-09 12:16:53.000,2026-10-09 12:17:45.173415,Top 10,Exchange Token,Exchange,PoSA,2017.0,5.2,0.72,1.2,1.4,Restricted,Partial,Binance,0.45,Positive,38900.0,2017.0,900.0,600.0,200.0,250.0,4500.0,2017.0,4.0,0.579
ripple,XRP,XRP,1.4,88285481058.0,5,3065411820.0,1.41,1.32,0.00449218,0.3221,63092975951.0,99985612577.0,3.65,2026-10-09 12:16:53.000,2026-10-09 12:17:45.173415,Top 10,Payment Protocol,Payments,RPCA,2012.0,5.5,0.68,1.1,1.3,Disputed,Partial,Ripple,0.3,Neutral,29800.0,2012.0,150.0,300.0,90.0,300.0,5000.0,2013.0,6.0,0.365
usd-coin,USDC,USDC,0.999625,72965482938.0,6,22866401944.0,1.0,0.999533,-2.53534496375e-06,-0.0003,72993460756.83932,73039034713.67953,1.043,2026-10-09 12:16:53.000,2026-10-09 12:17:45.173415,Top 10,Stablecoin,Payments,N/A,2018.0,1.0,0.01,0.1,0.0,Legal,Yes,Coinbase,0.08,Neutral,8700.0,2018.0,120.0,250.0,60.0,350.0,6000.0,2018.0,7.0,0.3957
solana,SOL,Solana,111.0,65341943974.0,7,4853679877.0,112.76,105.85,-2.0428821917572293,-1.8072,588697438.8372346,635458915.1075963,293.31,2026-10-09 12:16:53.000,2026-10-09 12:17:45.173415,Top 10,Smart Contract,Platform,PoH,2020.0,6.8,0.91,0.9,1.8,Legal,No,FTX,0.58,Positive,45200.0,2020.0,200.0,980.0,75.0,200.0,3200.0,2020.0,5.0,0.5083
tron,TRX,TRON,0.332954,31631785607.0,8,360035476.0,0.33474,0.331625,-0.0024047284658284,-0.7171,94988099847.38889,94988627617.6189,0.431288,2026-10-09 12:16:53.000,2026-10-09 12:17:45.173415,Top 10,Smart Contract,Platform,DPoS,2017.0,5.0,0.65,1.1,1.3,Restricted,Partial,Huobi,0.2,Neutral,18900.0,2017.0,300.0,200.0,95.0,220.0,2800.0,2017.0,11.0,0.3383
figure-heloc,FIGR_HELOC,Figure Heloc,1.03,24391242028.0,9,28010562.0,1.03,1.004,0.01186625,1.1655,23680455088.278,23680455088.278,1.075,2026-10-09 07:40:17.000,2026-10-09 12:17:45.173415,Top 10,,,,,,,,,,,,,,,,,,,,,,,0.15
zcash,ZEC,Zcash,1235.71,20972612005.0,10,1568374241.0,1245.56,1114.07,29.26,2.4251,16975986.1030448,16976706.4155448,3191.93,2026-10-09 12:16:53.000,2026-10-09 12:17:45.173415,Top 10,,,,,,,,,,,,,,,,,,,,,,,0.15
hyperliquid,HYPE,Hyperliquid,86.3,19193548219.0,11,1066986206.0,86.49,82.69,1.016,1.1908,222445714.07414135,955307079.4341414,97.96,2026-10-09 12:16:53.000,2026-10-09 12:17:45.173415,Top 50,,,,,,,,,,,,,,,,,,,,,,,0.15
dogecoin,DOGE,Dogecoin,0.085134,13300804461.0,12,1046737397.0,0.087429,0.081186,-0.0018865657639298,-2.168,156252046383.70523,156252286383.7052,0.731578,2026-10-09 12:16:53.000,2026-10-09 12:17:45.173415,Top 50,Meme Coin,Currency,PoW,2013.0,7.1,0.95,0.7,2.1,Legal,No,Robinhood,0.55,Positive,88600.0,2013.0,15.0,50.0,25.0,350.0,4000.0,2014.0,9.0,0.2853
usds,USDS,USDS,0.999305,10147049606.0,13,188137887.0,0.999689,0.998671,0.00025367,0.0254,10154633910.107224,10153876765.27816,1.057,2026-10-09 12:16:53.000,2026-10-09 12:17:45.173415,Top 50,,,,,,,,,,,,,,,,,,,,,,,0.15
monero,XMR,Monero,538.18,10124354691.0,14,132668877.0,552.62,518.46,-7.140625497998371,-1.3094,18815281.20437556,18815323.804279,797.73,2026-10-09 12:16:53.000,2026-10-09 12:17:45.173415,Top 50,,,,,,,,,,,,,,,,,,,,,,,0.15
whitebit,WBT,WhiteBIT Coin,81.82,9718306858.0,15,151622300.0,82.02,79.09,-0.0672301943055515,-0.0821,118786640.0,293356139.0,87.91,2026-10-09 12:16:53.000,2026-10-09 12:17:45.173415,Top 50,,,,,,,,,,,,,,,,,,,,,,,0.15
chainlink,LINK,Chainlink,12.89,9636998857.0,16,455455960.0,13.02,12.11,-0.1075715334668352,-0.8279,748099970.424884,1000000000.0,52.7,2026-10-09 12:16:53.000,2026-10-09 12:17:45.173415,Top 50,Oracle,Infrastructure,N/A,2017.0,6.2,0.83,0.9,1.6,Legal,No,Coinbase,0.48,Positive,19800.0,2017.0,80.0,600.0,110.0,260.0,3000.0,2017.0,13.0,0.468
cardano,ADA,Cardano,0.240453,9024152872.0,17,777326433.0,0.249243,0.224223,-0.0091586216187341,-3.6692,37547445640.06296,45000000000.0,3.09,2026-10-09 12:16:53.000,2026-10-09 12:17:45.173415,Top 50,Smart Contract,Platform,PoS,2017.0,5.8,0.74,1.0,1.5,Legal,No,Kraken,0.4,Positive,31200.0,2017.0,250.0,700.0,80.0,280.0,3500.0,2017.0,10.0,0.4427
leo-token,LEO,LEO Token,8.89,8180949119.0,18,240699.0,8.98,8.87,-0.0036304581328145,-0.0408,919857851.9,985239504.0,10.61,2026-10-09 12:16:53.000,2026-10-09 12:17:45.173415,Top 50,,,,,,,,,,,,,,,,,,,,,,,0.15
rain,RAIN,Rain,0.01033678,7331031121.0,19,19210925.0,0.01062659,0.01009653,-0.000220989380419,-2.0932,709255213582.6736,1142408457440.218,0.01946402,2026-10-09 12:16:53.000,2026-10-09 12:17:45.173415,Top 50,,,,,,,,,,,,,,,,,,,,,,,0.15
ravedao,RAVE,RaveDAO,27.39,6764314064.0,19,330827836.0,27.88,16.55,9.01,49.0035,248044444.0,1000000000.0,27.88,2026-04-18 06:56:48.386,2026-04-18 06:57:00.190045,Top 50,,,,,,,,,,,,,,,,,,,,,,,0.15
stellar,XLM,Stellar,0.194526,6816450644.0,20,200474672.0,0.199284,0.185599,-0.0035141385013436,-1.7745,35047669748.796745,50001786839.69947,0.875563,2026-10-09 12:16:53.000,2026-10-09 12:17:45.173415,Top 50,Payment Protocol,Payments,SCP,2014.0,5.1,0.66,1.0,1.2,Legal,Partial,Stellar,0.28,Neutral,10800.0,2014.0,120.0,180.0,55.0,260.0,3100.0,2014.0,19.0,0.316
near,NEAR,NEAR Protocol,4.84,6340241692.0,21,1499187687.0,5.08,4.31,-0.2565197966272894,-5.0285,1308499781.0,1308499780.0,20.44,2026-10-09 12:16:53.000,2026-10-09 12:17:45.173415,Top 50,Smart Contract,Platform,PoS,2020.0,6.7,0.89,0.8,1.8,Legal,No,Binance,0.52,Positive,16400.0,2020.0,200.0,920.0,60.0,160.0,1700.0,2020.0,20.0,0.4683
bitcoin-cash,BCH,Bitcoin Cash,277.73,5580642010.0,22,304541245.0,297.67,269.51,-16.198562193112195,-5.5112,20100359.27165076,20100371.77165076,3785.82,2026-10-09 12:16:53.000,2026-10-09 12:17:45.173415,Top 50,Store of Value,Currency,PoW,2017.0,5.3,0.7,1.0,1.3,Legal,No,Kraken,0.35,Neutral,11200.0,2017.0,50.0,90.0,35.0,320.0,4200.0,2017.0,17.0,0.296
canton-network,CC,Canton,0.125895,5010354187.0,23,24641401.0,0.126825,0.113725,0.00556353,4.6235,39803990322.94715,39803990322.94715,0.194152,2026-10-09 12:16:53.000,2026-10-09 12:17:45.173415,Top 50,,,,,,,,,,,,,,,,,,,,,,,0.15
litecoin,LTC,Litecoin,64.04,4974623527.0,24,355507616.0,64.55,61.06,-0.1000934377309334,-0.1561,77696323.38406855,77699073.39102569,410.26,2026-10-09 12:16:53.000,2026-10-09 12:17:45.173415,Top 50,Store of Value,Currency,PoW,2011.0,4.5,0.61,1.3,1.1,Legal,Yes,Coinbase,0.42,Positive,14300.0,2011.0,60.0,120.0,40.0,400.0,5500.0,2011.0,16.0,0.351
ethena-usde,USDE,Ethena USDe,0.999548,4802890824.0,25,57463286.0,0.999588,0.998632,8.244e-05,0.0083,4805088754.136681,4803911993.756681,1.034,2026-10-09 12:16:53.000,2026-10-09 12:17:45.173415,Top 50,,,,,,,,,,,,,,,,,,,,,,,0.15
uniswap,UNI,Uniswap,7.37,4604288196.0,26,896653648.0,7.67,7.01,-0.3303464156685631,-4.292,624996422.4826151,887270418.7884501,44.92,2026-10-09 12:16:53.000,2026-10-09 12:17:45.173415,Top 50,DEX,DeFi,N/A,2018.0,6.4,0.85,0.8,1.7,Legal,No,Uniswap,0.44,Positive,13700.0,2018.0,100.0,780.0,85.0,150.0,1500.0,2020.0,18.0,0.455
avalanche-2,AVAX,Avalanche,10.39,4601850981.0,27,503194386.0,10.65,9.79,-0.2818640046437295,-2.6422,443304309.219151,469973109.219151,144.96,2026-10-09 12:16:53.000,2026-10-09 12:17:45.173415,Top 50,Smart Contract,Platform,PoS,2020.0,6.5,0.88,0.8,1.7,Legal,No,Avalanche,0.5,Positive,22400.0,2020.0,180.0,850.0,65.0,180.0,2200.0,2020.0,12.0,0.4617
dai,DAI,Dai,0.999836,4565556938.0,28,339036018.0,1.0,0.999592,7.016e-05,0.007,4565878146.202776,4550150651.967191,1.22,2026-10-09 12:16:53.000,2026-10-09 12:17:45.173415,Top 50,,,,,,,,,,,,,,,,,,,,,,,0.15
sui,SUI,Sui,1.071,4409829255.0,29,938495059.0,1.11,0.998626,-0.041478441564525,-3.7281,4118270447.640389,10000000000.0,5.35,2026-10-09 12:16:53.000,2026-10-09 12:17:45.173415,Top 50,,,,,,,,,,,,,,,,,,,,,,,0.15
usd1-wlfi,USD1,USD1,0.999301,4287775554.0,30,1205880363.0,0.999342,0.998764,0.00049871,0.0499,4290791110.490781,4288291110.490781,1.048,2026-10-09 12:16:53.000,2026-10-09 12:17:45.173415,Top 50,,,,,,,,,,,,,,,,,,,,,,,0.15
the-open-network,TON,Toncoin,1.46,4134031042.0,31,83897162.0,1.49,1.34,0.054673,3.8779,2823143203.2648387,5263225194.330105,8.25,2026-10-09 12:16:53.000,2026-10-09 12:17:45.173415,Top 50,,,,,,,,,,,,,,,,,,,,,,,0.15
bitway,BTW,Bitway,1.52,4105530449.0,32,12175058.0,1.54,1.36,0.13699,9.9327,2708142280.000001,10000000000.0,1.67,2026-10-09 12:16:53.000,2026-10-09 12:17:45.173415,Top 50,,,,,,,,,,,,,,,,,,,,,,,0.15
hedera-hashgraph,HBAR,Hedera,0.092433,4065489115.0,33,156636049.0,0.094536,0.088177,-0.0020899135368356,-2.211,43997753925.85931,50000000000.0,0.569229,2026-10-09 12:16:53.000,2026-10-09 12:17:45.173415,Top 50,,,,,,,,,,,,,,,,,,,,,,,0.15
quant-network,QNT,Quant,249.7,3632862454.0,34,198953158.0,249.73,221.02,13.02,5.5,14546177.164081177,14612493.0,427.42,2026-10-09 12:16:53.000,2026-10-09 12:17:45.173415,Top 50,,,,,,,,,,,,,,,,,,,,,,,0.15
tether-gold,XAUT,Tether Gold,4179.06,3380837021.0,35,294553495.0,4193.67,4104.41,56.78,1.3773,808994.63,827417.63,5504.62,2026-10-09 12:16:53.000,2026-10-09 12:17:45.173415,Top 50,,,,,,,,,,,,,,,,,,,,,,,0.15
shiba-inu,SHIB,Shiba Inu,5.38e-06,3171316254.0,36,86840848.0,5.43e-06,5.1e-06,1.581e-09,0.0294,589238464387305.5,589495758757128.9,8.616e-05,2026-10-09 12:16:53.000,2026-10-09 12:17:45.173415,Top 50,Meme Coin,Currency,PoS,2020.0,8.5,1.2,0.4,2.8,Legal,No,Binance,0.62,Positive,76500.0,2020.0,12.0,30.0,15.0,200.0,1800.0,2021.0,14.0,0.251
global-dollar,USDG,Global Dollar,0.999861,3145210542.0,37,713496110.0,0.999968,0.999722,8.928e-05,0.0089,3145635028.914711,3145635028.858908,1.65,2026-10-09 12:16:53.000,2026-10-09 12:17:45.173415,Top 50,,,,,,,,,,,,,,,,,,,,,,,0.15
bittensor,TAO,Bittensor,276.36,3133719366.0,38,302825974.0,282.4,254.82,-3.075942456774044,-1.1008,11339645.9251,21000000.0,757.6,2026-10-09 12:16:53.000,2026-10-09 12:17:45.173415,Top 50,,,,,,,,,,,,,,,,,,,,,,,0.15
crypto-com-chain,CRO,Cronos,0.061655,3054681272.0,39,11213140.0,0.062951,0.058113,-0.0008524466818508,-1.3638,49542341218.59808,98970345886.90536,0.891544,2026-10-09 12:16:53.000,2026-10-09 12:17:45.173415,Top 50,,,,,,,,,,,,,,,,,,,,,,,0.15
ethena,ENA,Ethena,0.218141,2923515124.0,40,557651991.0,0.219571,0.19651,0.00114899,0.5295,13406250000.0,15000000000.0,1.52,2026-10-09 12:16:53.000,2026-10-09 12:17:45.173415,Top 50,,,,,,,,,,,,,,,,,,,,,,,0.15
paypal-usd,PYUSD,PayPal USD,0.99957,2900599048.0,41,102861169.0,0.99974,0.999042,0.00032476,0.0325,2901882310.186121,2894557561.930362,1.021,2026-10-09 12:16:53.000,2026-10-09 12:17:45.173415,Top 50,,,,,,,,,,,,,,,,,,,,,,,0.15
pump-fun,PUMP,Pump.fun,0.00572513,2653682550.0,42,349366602.0,0.00583002,0.0052927,-4.3296692968773e-05,-0.7506,463554227310.9287,829050581797.5087,0.00881908,2026-10-09 12:16:53.000,2026-10-09 12:17:45.173415,Top 50,,,,,,,,,,,,,,,,,,,,,,,0.15
okb,OKB,OKB,126.22,2650145316.0,43,51138509.0,126.91,120.65,1.81,1.4542,21000000.0,21000000.0,228.74,2026-10-09 12:16:53.000,2026-10-09 12:17:45.173415,Top 50,,,,,,,,,,,,,,,,,,,,,,,0.15
aave,AAVE,Aave,168.99,2607713984.0,44,383033074.0,172.73,160.1,-1.565153758136944,-0.9177,15435658.770149156,16000000.0,661.69,2026-10-09 12:16:53.000,2026-10-09 12:17:45.173415,Top 50,,,,,,,,,,,,,,,,,,,,,,,0.15
ripple-usd,RLUSD,Ripple USD,1.0,2475750740.0,45,206477549.0,1.0,0.999663,0.00011181,0.0112,2475744255.017215,2476722476.017218,1.073,2026-10-09 12:16:53.000,2026-10-09 12:17:45.173415,Top 50,,,,,,,,,,,,,,,,,,,,,,,0.15
hashnote-usyc,USYC,Circle USYC,1.14,2404317117.0,46,0.0,1.14,1.14,0.00010471,0.0092,2109501455.282836,2109501455.282836,1.14,2026-10-09 12:16:53.000,2026-10-09 12:17:45.173415,Top 50,,,,,,,,,,,,,,,,,,,,,,,0.15
ondo-finance,ONDO,Ondo,0.489248,2382501414.0,47,430811083.0,0.500055,0.440258,0.0075547,1.5684,4869330647.0,10000000000.0,2.14,2026-10-09 12:16:53.000,2026-10-09 12:17:45.173415,Top 50,,,,,,,,,,,,,,,,,,,,,,,0.15
ondo-us-dollar-yield,USDY,Ondo US Dollar Yield,1.15,2316469833.0,48,4278922.0,1.16,1.14,0.00027184,0.0237,2016294061.6377852,2016302764.783822,1.26,2026-10-09 12:16:53.000,2026-10-09 12:17:45.173415,Top 50,,,,,,,,,,,,,,,,,,,,,,,0.15
memecore,M,MemeCore,1.003,2290583096.0,49,1469107.0,1.069,0.994059,-0.0505630059871482,-4.8005,2284333130.741191,5423322876.248416,5.64,2026-10-09 12:16:53.000,2026-10-09 12:17:45.173415,Top 50,,,,,,,,,,,,,,,,,,,,,,,0.15
blackrock-usd-institutional-digital-liquidity-fund,BUIDL,BlackRock USD Institutional Digital Liquidity Fund,1.0,2216591097.0,50,0.0,1.0,1.0,0.0,0.0,2216591096.5976486,2216591096.597649,1.0,2026-10-09 12:16:53.000,2026-10-09 12:17:45.173415,Top 50,,,,,,,,,,,,,,,,,,,,,,,0.15
polkadot,DOT,Polkadot,1.18,2005568821.0,51,301241425.0,1.2,1.01,0.072321,6.558,1706535853.080197,1706549507.339707,54.98,2026-10-09 12:16:53.000,2026-10-09 12:17:45.173415,Top 100,Interoperability,Platform,NPoS,2020.0,6.0,0.8,0.9,1.6,Legal,No,Kraken,0.38,Neutral,17600.0,2020.0,200.0,550.0,70.0,190.0,2100.0,2020.0,15.0,0.3957
aster-2,ASTER,Aster,0.700442,1900752389.0,52,141704030.0,0.712651,0.670115,-0.0058704192316754,-0.8311,2713596421.779732,7792632673.028502,2.41,2026-10-09 12:16:53.000,2026-10-09 12:17:45.173415,Top 100,,,,,,,,,,,,,,,,,,,,,,,0.15
worldcoin-wld,WLD,Worldcoin,0.497719,1892247054.0,53,266327101.0,0.516543,0.459446,-0.0189549776355625,-3.6687,3803958117.775756,10000000000.0,11.74,2026-10-09 12:16:53.000,2026-10-09 12:17:45.173415,Top 100,,,,,,,,,,,,,,,,,,,,,,,0.15
pax-gold,PAXG,PAX Gold,4180.92,1837190900.0,54,180649282.0,4200.56,4109.56,52.02,1.2599,439434.571187,439434.571187,5619.09,2026-10-09 12:16:53.000,2026-10-09 12:17:45.173415,Top 100,,,,,,,,,,,,,,,,,,,,,,,0.15
mantle,MNT,Mantle,0.553899,1828812486.0,55,39019403.0,0.575814,0.542909,-0.0193976325296101,-3.3835,3302003382.53684,6219316794.889999,2.86,2026-10-09 12:16:53.000,2026-10-09 12:17:45.173415,Top 100,,,,,,,,,,,,,,,,,,,,,,,0.15
falcon-finance,USDF,Falcon USD,0.994666,1816784623.0,56,565660.0,1.009,0.994507,-0.0007613878449517,-0.0765,1826530749.9198525,1826530749.919852,1.075,2026-10-09 12:16:53.000,2026-10-09 12:17:45.173415,Top 100,,,,,,,,,,,,,,,,,,,,,,,0.15
sky,SKY,Sky,0.077091,1805778326.0,57,17012739.0,0.078631,0.073822,-0.0016948075973476,-2.1512,23424992683.05745,23459804203.60596,0.10087,2026-10-09 12:16:53.000,2026-10-09 12:17:45.173415,Top 100,,,,,,,,,,,,,,,,,,,,,,,0.15
world-liberty-financial,WLFI,World Liberty Financial,0.054024,1716372263.0,58,47762794.0,0.05602,0.053687,-0.0014793239476987,-2.6653,31778337976.0,100000000000.0,0.331336,2026-10-09 12:16:53.000,2026-10-09 12:17:45.173415,Top 100,,,,,,,,,,,,,,,,,,,,,,,0.15
morpho,MORPHO,Morpho,2.4,1680173203.0,59,32971348.0,2.46,2.28,-0.0864505434867357,-3.4776,700291042.4162004,1000000000.0,4.17,2026-10-09 12:16:53.000,2026-10-09 12:17:45.173415,Top 100,,,,,,,,,,,,,,,,,,,,,,,0.15
internet-computer,ICP,Internet Computer,3.0,1673673013.0,60,94726236.0,3.14,2.86,-0.1182929572486322,-3.7886,557335574.2786583,557336155.525093,700.65,2026-10-09 12:16:53.000,2026-10-09 12:17:45.173415,Top 100,,,,,,,,,,,,,,,,,,,,,,,0.15
pepe,PEPE,Pepe,3.93e-06,1654182859.0,61,311663868.0,4.04e-06,3.65e-06,-8.6996022465e-08,-2.1631,420690000000000.0,420690000000000.0,2.803e-05,2026-10-09 12:16:53.000,2026-10-09 12:17:45.173415,Top 100,,,,,,,,,,,,,,,,,,,,,,,0.15
spiko-amundi-overnight-swap-fund-eur,EURSAFO,Spiko Amundi Overnight Swap Fund (EUR),1.14,1609886480.0,62,0.0,1.14,1.13,0.00209371,0.1845,1415732506.83091,1415732506.83091,1.18,2026-10-09 12:16:53.000,2026-10-09 12:17:45.173415,Top 100,,,,,,,,,,,,,,,,,,,,,,,0.15
usdd,USDD,USDD,0.999192,1574812564.0,63,3880908.0,0.999392,0.996099,0.00048604,0.0487,1576089496.0,1590304600.0,1.24,2026-10-09 12:16:53.000,2026-10-09 12:17:45.173415,Top 100,,,,,,,,,,,,,,,,,,,,,,,0.15
united-stables,U,United Stables,0.999558,1548952191.0,64,186487806.0,0.999711,0.998536,0.00048927,0.049,1549644534.63,1552144534.63,1.008,2026-10-09 12:16:53.000,2026-10-09 12:17:45.173415,Top 100,,,,,,,,,,,,,,,,,,,,,,,0.15
htx-dao,HTX,HTX DAO,1.68e-06,1509907248.0,65,119645543.0,1.7e-06,1.66e-06,-1.4557475201e-08,-0.8586,898232728634017.2,898232728634017.2,3.75e-06,2026-10-09 12:16:53.000,2026-10-09 12:17:45.173415,Top 100,,,,,,,,,,,,,,,,,,,,,,,0.15
bitget-token,BGB,Bitget Token,1.95,1366917594.0,66,12992393.0,1.95,1.9,0.0232698,1.206,699992029.6481037,910920874.6481038,8.45,2026-10-09 12:16:53.000,2026-10-09 12:17:45.173415,Top 100,,,,,,,,,,,,,,,,,,,,,,,0.15
ousg,OUSG,OUSG,115.83,402706438.0,66,0.0,115.83,115.82,0.010508,0.0091,3476733.604058506,3476733.604058506,115.83,2026-07-09 09:20:17.250,2026-07-09 09:21:32.780125,Top 100,,,,,,,,,,,,,,,,,,,,,,,0.15
bfusd,BFUSD,BFUSD,0.998417,1317907276.0,67,5741747.0,0.99894,0.998304,-0.0001959204481458,-0.0196,1320000000.0,1320000000.0,1.007,2026-10-09 12:16:53.000,2026-10-09 12:17:45.173415,Top 100,,,,,,,,,,,,,,,,,,,,,,,0.15
ethereum-classic,ETC,Ethereum Classic,8.23,1305511140.0,68,67372059.0,8.42,7.75,-0.1400140835094987,-1.6735,158713803.16564018,158714645.6104402,167.09,2026-10-09 12:16:53.000,2026-10-09 12:17:45.173415,Top 100,,,,,,,,,,,,,,,,,,,,,,,0.15
hastra-prime,PRIME,Hastra PRIME,1.047,387635121.0,68,2704169.0,1.048,1.045,0.00120795,0.1156,370361142.684172,370361142.684172,1.5,2026-07-09 09:09:58.334,2026-07-09 09:21:32.780125,Top 100,,,,,,,,,,,,,,,,,,,,,,,0.15
usdgo,USDGO,USDGO,1.0,1298587044.0,69,72682715.0,1.0,0.999727,0.00016382,0.0164,1298449469.23,1294449469.23,1.002,2026-10-09 12:16:53.000,2026-10-09 12:17:45.173415,Top 100,,,,,,,,,,,,,,,,,,,,,,,0.15
arbitrum,ARB,Arbitrum,0.179713,1218927585.0,70,214318865.0,0.184118,0.162842,-0.0038938445743773,-2.1208,6785574605.0,10000000000.0,2.39,2026-10-09 12:16:53.000,2026-10-09 12:17:45.173415,Top 100,,,,,,,,,,,,,,,,,,,,,,,0.15
celestia,TIA,Celestia,0.400032,376202003.0,71,437595.0,0.400922,0.380763,0.01884288,4.9432,940430228.328837,1172297556.65648,20.85,2026-07-09 09:06:30.311,2026-07-09 09:21:32.780125,Top 100,,,,,,,,,,,,,,,,,,,,,,,0.15
jupiter-exchange-solana,JUP,Jupiter,0.365224,1211789939.0,71,167961946.0,0.375036,0.328674,-0.003489684804207,-0.9465,3319369204.37,6861486388.507189,2.0,2026-10-09 12:16:53.000,2026-10-09 12:17:45.173415,Top 100,,,,,,,,,,,,,,,,,,,,,,,0.15
fetch-ai,FET,Artificial Superintelligence Alliance,0.160546,360817127.0,72,1345938.0,0.162678,0.154919,0.00321107,2.0409,2247437078.098724,2714384546.672,3.45,2026-07-09 09:05:06.901,2026-07-09 09:21:32.780125,Top 100,,,,,,,,,,,,,,,,,,,,,,,0.15
just,JST,JUST,0.142974,1170544596.0,72,32218792.0,0.142901,0.137198,0.00435146,3.1391,8188743036.341737,8188743036.341737,0.193254,2026-10-09 12:16:53.000,2026-10-09 12:17:45.173415,Top 100,,,,,,,,,,,,,,,,,,,,,,,0.15
kaspa,KAS,Kaspa,0.04166552,1155556284.0,73,21634727.0,0.04190795,0.03777291,0.0022542,5.7197,27745750984.52396,27746480343.17819,0.207411,2026-10-09 12:16:53.000,2026-10-09 12:17:45.173415,Top 100,,,,,,,,,,,,,,,,,,,,,,,0.15
lab,LAB,LAB,1.15,357868933.0,73,143736012.0,2.78,1.054,-1.6384777743444865,-58.8639,312542846.0,1000000000.0,27.3,2026-07-09 09:07:13.305,2026-07-09 09:21:32.780125,Top 100,,,,,,,,,,,,,,,,,,,,,,,0.15
adi-token,ADI,ADI,6.77,847935822.0,74,4642697.0,6.85,6.65,0.03365703,0.5,125331789.216296,999999999.0,8.03,2026-07-22 08:06:57.024,2026-07-22 08:08:31.315147,Top 100,,,,,,,,,,,,,,,,,,,,,,,0.15
bonk,BONK,Bonk,4.02e-06,353554398.0,74,42792475.0,4.05e-06,3.91e-06,5.7283e-08,1.4463,87994713129518.94,87994713129519.08,5.825e-05,2026-07-09 09:00:59.080,2026-07-09 09:21:32.780125,Top 100,,,,,,,,,,,,,,,,,,,,,,,0.15
gatechain-token,GT,Gate,10.75,1125057547.0,74,1402681.0,10.84,10.25,0.03462186,0.3232,104668874.73790136,116920242.74892151,25.38,2026-10-09 12:16:53.000,2026-10-09 12:17:45.173415,Top 100,,,,,,,,,,,,,,,,,,,,,,,0.15
audiera,BEAT,Audiera,2.53,835435899.0,75,44720424.0,3.95,2.39,-0.7139293822945758,-20.3,330516666.0,1000000000.0,11.23,2026-08-10 07:07:10.000,2026-08-10 07:10:51.230832,Top 100,,,,,,,,,,,,,,,,,,,,,,,0.15
terra-luna,LUNC,Terra Luna Classic,6.19e-05,342203201.0,75,2533165.0,6.237e-05,5.859e-05,2.58e-06,4.3567,5528621678555.85,6454397775241.986,119.18,2026-07-09 09:06:25.841,2026-07-09 09:21:32.780125,Top 100,,,,,,,,,,,,,,,,,,,,,,,0.15
venice-token,VVV,Venice Token,22.53,1088862091.0,75,113360203.0,23.29,21.23,-0.8186793541815085,-3.5056,48322719.65969487,81104618.68409415,34.53,2026-10-09 12:16:53.000,2026-10-09 12:17:45.173415,Top 100,,,,,,,,,,,,,,,,,,,,,,,0.15
algorand,ALGO,Algorand,0.119196,1080483177.0,76,114081371.0,0.129644,0.115434,-0.012037900805786,-9.1729,9070422452.966991,9070490178.636786,3.56,2026-10-09 12:16:53.000,2026-10-09 12:17:45.173415,Top 100,,,,,,,,,,,,,,,,,,,,,,,0.15
apxusd,APXUSD,apxUSD,0.857041,311356535.0,76,5219017.0,0.863275,0.813214,0.01973515,2.357,363292443.2739169,363292443.2739169,1.11,2026-07-09 09:21:10.934,2026-07-09 09:21:32.780125,Top 100,,,,,,,,,,,,,,,,,,,,,,,0.15
kucoin-shares,KCS,KuCoin,7.58,1058389371.0,77,3790096.0,7.74,7.57,-0.0410119028881164,-0.5383,139655021.2773955,142155021.2773955,28.83,2026-10-09 12:16:53.000,2026-10-09 12:17:45.173415,Top 100,,,,,,,,,,,,,,,,,,,,,,,0.15
monad,MON,Monad,0.02341114,276840611.0,78,104166682.0,0.02413305,0.02239397,-0.0001317883535866,-0.5598,11825165000.0,100682925000.0,0.04882901,2026-07-09 09:11:30.510,2026-07-09 09:21:32.780125,Top 100,,,,,,,,,,,,,,,,,,,,,,,0.15
polygon-ecosystem-token,POL,POL (ex-MATIC),0.099519,1057899047.0,78,90674518.0,0.101615,0.094717,-0.0007811381770704,-0.7788,10628645729.587364,10628645729.587362,1.29,2026-10-09 12:16:53.000,2026-10-09 12:17:45.173415,Top 100,,,,,,,,,,,,,,,,,,,,,,,0.15
bitcoin-cash-sv,BSV,Bitcoin SV,13.34,267594988.0,79,9453406.0,13.47,12.92,0.310638,2.3834,20053418.75,20053418.75,489.75,2026-07-09 09:01:25.074,2026-07-09 09:21:32.780125,Top 100,,,,,,,,,,,,,,,,,,,,,,,0.15
cosmos,ATOM,Cosmos Hub,1.96,1051539267.0,79,155740740.0,2.01,1.65,0.16676,9.2804,535079445.101441,535097350.925566,43.84,2026-10-09 12:16:53.000,2026-10-09 12:17:45.173415,Top 100,,,,,,,,,,,,,,,,,,,,,,,0.15
render-token,RENDER,Render,1.9,985061451.0,80,93887281.0,2.0,1.76,-0.0876552420133791,-4.4124,518776241.28269154,533536414.5626915,13.53,2026-10-09 12:16:53.000,2026-10-09 12:17:45.173415,Top 100,,,,,,,,,,,,,,,,,,,,,,,0.15
tezos,XTZ,Tezos,0.237949,259378487.0,80,11129771.0,0.250815,0.237531,-0.009740160961417,-3.9324,1090060141.931485,1110045290.804519,9.12,2026-07-09 09:00:28.121,2026-07-09 09:21:32.780125,Top 100,,,,,,,,,,,,,,,,,,,,,,,0.15
blockchain-capital,BCAP,Blockchain Capital,105.69,963059012.0,81,0.0,108.18,105.69,-2.4900000000000237,-2.3017,9112111.0,9112111.0,108.18,2026-10-09 12:16:53.000,2026-10-09 12:17:45.173415,Top 100,,,,,,,,,,,,,,,,,,,,,,,0.15
plasma,XPL,Plasma,0.093552,243236231.0,81,65691961.0,0.094015,0.08938,0.00184929,2.0166,2600000000.0,10000000000.0,1.68,2026-07-09 09:06:48.625,2026-07-09 09:21:32.780125,Top 100,,,,,,,,,,,,,,,,,,,,,,,0.15
peanut-2-2,PEANUT,Peanut,0.00073607,228181317.0,82,0.0,0.99974,0.998304,3.512e-05,0.0089,310000000000.0,310000000000.0,0.00082759,2026-06-30 02:51:08.390,2026-07-09 09:21:32.780125,Top 100,,,,,,,,,,,,,,,,,,,,,,,0.15
pi-network,PI,Pi Network,0.081466,915911183.0,82,8237130.0,0.082748,0.078201,-0.0003380665360426,-0.4133,11243037573.841,17296980882.8323,2.99,2026-10-09 12:16:53.000,2026-10-09 12:17:45.173415,Top 100,,,,,,,,,,,,,,,,,,,,,,,0.15
conflux-token,CFX,Conflux,0.04251519,221669296.0,83,4822914.0,0.04322301,0.04173359,0.0006219,1.4845,5213885114.89,5222423810.33,1.7,2026-07-09 09:01:36.284,2026-07-09 09:21:32.780125,Top 100,,,,,,,,,,,,,,,,,,,,,,,0.15
lighter,LIT,Lighter,3.6,899688783.0,83,250681827.0,3.75,3.5,0.068213,1.9319,250000000.0,1000000000.0,7.86,2026-10-09 12:16:53.000,2026-10-09 12:17:45.173415,Top 100,,,,,,,,,,,,,,,,,,,,,,,0.15
filecoin,FIL,Filecoin,1.073,896066166.0,84,215377323.0,1.1,0.987648,-0.0083896762906388,-0.7755,834646976.0,1957002997.0,236.84,2026-10-09 12:16:53.000,2026-10-09 12:17:45.173415,Top 100,,,,,,,,,,,,,,,,,,,,,,,0.15
floki,FLOKI,FLOKI,2.294e-05,221347105.0,84,13548955.0,2.301e-05,2.213e-05,7.38169e-07,3.3245,9648099351993.49,9648099351993.49,0.00034495,2026-07-09 09:01:45.977,2026-07-09 09:21:32.780125,Top 100,,,,,,,,,,,,,,,,,,,,,,,0.15
humanity,H,Humanity,0.404059,740162595.0,84,210179009.0,0.634899,0.194941,-0.2005739676254949,-33.1729,1825000000.0,10000000000.0,0.843867,2026-06-15 11:45:24.999,2026-06-15 11:46:14.452455,Top 100,,,,,,,,,,,,,,,,,,,,,,,0.15
layerzero,ZRO,LayerZero,2.14,854697443.0,85,149400340.0,2.19,1.93,0.113308,5.5834,399170379.0681288,1000000000.0,7.47,2026-10-09 12:16:53.000,2026-10-09 12:17:45.173415,Top 100,,,,,,,,,,,,,,,,,,,,,,,0.15
zebec-network,ZBCN,Zebec Network,0.00221954,217408164.0,85,12586073.0,0.00223418,0.0021169,3.512e-05,1.6076,97951717939.67068,99997610703.82208,0.00700261,2026-07-09 09:05:28.895,2026-07-09 09:21:32.780125,Top 100,,,,,,,,,,,,,,,,,,,,,,,0.15
nexo,NEXO,NEXO,0.846992,846926341.0,86,6804198.0,0.853426,0.812492,0.01682022,2.0261,1000000000.0,1000000000.0,4.07,2026-10-09 12:16:53.000,2026-10-09 12:17:45.173415,Top 100,,,,,,,,,,,,,,,,,,,,,,,0.15
onyc,ONYC,OnRe Tokenized Reinsurance,1.12,217345392.0,86,965342.0,1.12,1.12,0.00036388,0.0325,193849973.1441257,193849973.1441257,1.12,2026-07-09 09:05:15.842,2026-07-09 09:21:32.780125,Top 100,,,,,,,,,,,,,,,,,,,,,,,0.15
usdtb,USDTB,USDtb,1.0,727506433.0,86,6286485.0,1.001,0.999873,0.00026808,0.0268,727194147.4361825,727194147.4361825,1.057,2026-07-15 07:50:33.927,2026-07-15 07:50:45.227445,Top 100,,,,,,,,,,,,,,,,,,,,,,,0.15
aerodrome-finance,AERO,Aerodrome Finance,0.812018,815824621.0,87,117357910.0,0.857326,0.770663,0.03507377,4.5143,1004697310.93949,1997645621.866175,2.32,2026-10-09 12:16:53.000,2026-10-09 12:17:45.173415,Top 100,,,,,,,,,,,,,,,,,,,,,,,0.15
tradable-na-rent-financing-platform-sstn,PC0000031,Tradable NA Rent Financing Platform SSTN,1.0,202500000.0,87,0.0,1.0,1.0,0.0,0.0,202500000.0,202500000.0,189500000.0,2026-07-09 09:20:13.532,2026-07-09 09:21:32.780125,Top 100,,,,,,,,,,,,,,,,,,,,,,,0.15
build-on,B,BUILDon,0.707122,705209749.0,88,50619607.0,0.706565,0.591027,0.079625,12.6893,1000000000.0,1000000000.0,0.731588,2026-05-13 08:33:07.763,2026-05-13 08:33:57.867622,Top 100,,,,,,,,,,,,,,,,,,,,,,,0.15
crvusd,CRVUSD,crvUSD,0.999123,201443299.0,88,12250995.0,0.999517,0.9986,0.00014434,0.0145,201620172.5931269,201620172.5931269,1.11,2026-07-09 09:07:02.460,2026-07-09 09:21:32.780125,Top 100,,,,,,,,,,,,,,,,,,,,,,,0.15
superstate-short-duration-us-government-securities-fund-ustb,USTB,Superstate Short Duration U.S. Government Securities Fund (USTB),11.24,791413881.0,88,0.0,11.24,11.24,0.001105,0.0098,70424578.835409,70176652.309357,11.24,2026-10-09 12:16:53.000,2026-10-09 12:17:45.173415,Top 100,,,,,,,,,,,,,,,,,,,,,,,0.15
decred,DCR,Decred,10.96,191838936.0,89,615365.0,11.03,10.83,-0.0393122266630623,-0.3574,17503745.89133322,17504025.27937183,247.35,2026-07-09 09:01:00.228,2026-07-09 09:21:32.780125,Top 100,,,,,,,,,,,,,,,,,,,,,,,0.15
open-usd,OUSD,Open USD,0.999264,788960423.0,89,428874.0,1.005,0.995971,0.00032564,0.0326,789602792.43,789602796.03,1.005,2026-10-09 12:16:53.000,2026-10-09 12:17:45.173415,Top 100,,,,,,,,,,,,,,,,,,,,,,,0.15
ylds,YLDS,YLDS,0.999988,684723494.0,89,4366180.0,1.0,0.999962,-4.67838454199e-06,-0.0028,684730827.06,684730827.06,1.001,2026-08-28 17:50:20.000,2026-08-28 17:53:56.429668,Top 100,,,,,,,,,,,,,,,,,,,,,,,0.15
marscat-token,MCAT,Marscat Token,0.713016,709335545.0,90,17538843.0,0.819144,0.217044,0.474694,198.6437,1000000000.0,1000000000.0,0.819144,2026-09-17 10:37:10.000,2026-09-17 10:39:49.457992,Top 100,,,,,,,,,,,,,,,,,,,,,,,0.15
midnight-3,NIGHT,Midnight,0.04523236,750915852.0,90,27145616.0,0.04584591,0.04090291,0.00053119,1.1883,16607399400.634954,24000000000.0,0.118529,2026-10-09 12:16:53.000,2026-10-09 12:17:45.173415,Top 100,,,,,,,,,,,,,,,,,,,,,,,0.15
nexus-4,NEX,Nexus,3.02e-06,181338861.0,90,9604832.0,3.75e-06,2.6e-06,3.95168e-07,15.0729,60000000000000.0,100000000000000.0,6.88e-06,2026-07-09 09:21:16.202,2026-07-09 09:21:32.780125,Top 100,,,,,,,,,,,,,,,,,,,,,,,0.15
skyai,SKYAI,SkyAI,0.676138,667673438.0,90,54496701.0,0.698226,0.577847,0.068048,11.1904,998384107.7857016,998384107.7857016,0.854253,2026-05-09 07:42:21.375,2026-05-09 07:43:18.522505,Top 100,,,,,,,,,,,,,,,,,,,,,,,0.15
blockstack,STX,Stacks,0.398091,745434515.0,91,36768277.0,0.401907,0.355413,0.02029392,5.3716,1873077833.459329,1873086375.459329,3.86,2026-10-09 12:16:53.000,2026-10-09 12:17:45.173415,Top 100,,,,,,,,,,,,,,,,,,,,,,,0.15
usa,USAT,USAT,0.998465,185199464.0,91,1297981.0,0.998961,0.998015,7.809e-05,0.0078,185484223.5,185484223.5,1.002,2026-07-09 09:21:11.368,2026-07-09 09:21:32.780125,Top 100,,,,,,,,,,,,,,,,,,,,,,,0.15
aptos,APT,Aptos,0.812318,707579435.0,92,165141159.0,0.844377,0.694237,0.03082742,3.9447,871390913.8878293,1209831129.721944,19.92,2026-10-09 12:16:53.000,2026-10-09 12:17:45.173415,Top 100,,,,,,,,,,,,,,,,,,,,,,,0.15
syrup,SYRUP,Maple Finance,0.157453,183258958.0,92,12419098.0,0.180645,0.157435,-0.0200221427547583,-11.2817,1163896772.4610674,1244677492.511099,0.653229,2026-07-09 09:04:18.135,2026-07-09 09:21:32.780125,Top 100,,,,,,,,,,,,,,,,,,,,,,,0.15
chiliz,CHZ,Chiliz,0.0171446,179221489.0,93,34991059.0,0.01733654,0.01634302,0.00073628,4.4872,10453524864.0,10453524864.0,0.878633,2026-07-09 09:01:45.348,2026-07-09 09:21:32.780125,Top 100,,,,,,,,,,,,,,,,,,,,,,,0.15
injective-protocol,INJ,Injective,7.06,706259099.0,93,171696971.0,7.41,6.42,-0.2671539667054539,-3.6436,100000000.0,100000000.0,52.62,2026-10-09 12:16:53.000,2026-10-09 12:17:45.173415,Top 100,,,,,,,,,,,,,,,,,,,,,,,0.15
janus-henderson-anemoy-treasury-fund,JTRSY,Janus Henderson Anemoy Treasury Fund,1.12,650205297.0,93,0.0,1.12,1.12,5.4e-05,0.0048,582549198.395,582549198.395,1.12,2026-09-17 10:37:10.000,2026-09-17 10:39:49.457992,Top 100,,,,,,,,,,,,,,,,,,,,,,,0.15
siren-2,SIREN,Siren,0.762777,553777959.0,94,43576886.0,1.24,0.702253,-0.4436049000116807,-36.7715,725822302.5915568,725822302.5915568,3.61,2026-06-10 09:39:03.919,2026-06-10 09:40:31.466787,Top 100,,,,,,,,,,,,,,,,,,,,,,,0.15
xdce-crowd-sale,XDC,XDC Network,0.03504724,698790518.0,94,23206415.0,0.0354761,0.03084199,0.00268459,8.2953,19946688440.0,38065686425.1,0.192754,2026-10-09 12:16:53.000,2026-10-09 12:17:45.173415,Top 100,,,,,,,,,,,,,,,,,,,,,,,0.15
gho,GHO,GHO,0.998517,697962774.0,95,8588574.0,0.999471,0.998458,-0.0005465643081933,-0.0547,699000000.0,699000000.0,1.03,2026-10-09 12:16:53.000,2026-10-09 12:17:45.173415,Top 100,,,,,,,,,,,,,,,,,,,,,,,0.15
spiko-us-t-bills-money-market-fund,USTBL,Spiko US T-Bills Money Market Fund,1.089,178301678.0,95,49.95,1.089,1.089,7.8e-05,0.0072,163738151.86202,163738151.86202,1.089,2026-07-09 09:15:20.123,2026-07-09 09:21:32.780125,Top 100,,,,,,,,,,,,,,,,,,,,,,,0.15
akash-network,AKT,Akash Network,0.593228,173269386.0,96,3653408.0,0.595107,0.571545,0.02040431,3.5621,292078878.414427,295588604.922474,8.07,2026-07-09 09:00:55.019,2026-07-09 09:21:32.780125,Top 100,,,,,,,,,,,,,,,,,,,,,,,0.15
pancakeswap-token,CAKE,PancakeSwap,2.17,690966328.0,96,75754856.0,2.23,2.08,-0.0551750973990978,-2.4788,318321704.6013266,329915408.1167858,43.96,2026-10-09 12:16:53.000,2026-10-09 12:17:45.173415,Top 100,,,,,,,,,,,,,,,,,,,,,,,0.15
akedo,AKE,Akedo,0.03006732,683487874.0,97,13259199.0,0.03359603,0.02654719,0.00171219,6.0384,22796250000.0,100000000000.0,0.146656,2026-10-08 12:27:59.000,2026-10-08 12:28:53.433165,Top 100,,,,,,,,,,,,,,,,,,,,,,,0.15
bianrensheng,币安人生,币安人生 (BinanceLife),0.471702,471708230.0,97,13952225.0,0.524803,0.471558,-0.0081267603906704,-1.8,1000000000.0,1000000000.0,0.894202,2026-08-17 06:31:20.000,2026-08-17 06:33:52.296165,Top 100,,,,,,,,,,,,,,,,,,,,,,,0.15
curve-dao-token,CRV,Curve DAO,0.379413,589999596.0,97,83981659.0,0.405384,0.362401,0.00444348,1.185,1554722092.0,2416075556.920271,15.37,2026-09-07 11:00:20.000,2026-09-07 11:03:24.396990,Top 100,,,,,,,,,,,,,,,,,,,,,,,0.15
ether-fi,ETHFI,Ether.fi,0.703682,678914865.0,97,100316577.0,0.761588,0.628884,-0.0175602475293238,-2.4347,965350000.0,965350000.0,8.53,2026-10-09 12:16:53.000,2026-10-09 12:17:45.173415,Top 100,,,,,,,,,,,,,,,,,,,,,,,0.15
ethereum-name-service,ENS,Ethereum Name Service,4.14,169338125.0,97,12766749.0,4.17,3.99,0.141697,3.5434,40896454.15143091,100000000.0,83.4,2026-07-09 09:05:29.701,2026-07-09 09:21:32.780125,Top 100,,,,,,,,,,,,,,,,,,,,,,,0.15
janus-henderson-anemoy-aaa-clo-fund,JAAA,Janus Henderson Anemoy AAA CLO Fund,1.05,677692166.0,97,0.0,1.05,1.05,0.0,0.0,645128652.594015,645128652.594015,1.05,2026-09-23 10:25:10.000,2026-09-23 10:28:45.926513,Top 100,,,,,,,,,,,,,,,,,,,,,,,0.15
river,RIVER,River,26.43,518088228.0,97,59847889.0,32.0,26.3,0.132932,0.5054,19600000.0,100000000.0,87.73,2026-03-23 06:57:27.555,2026-03-23 06:59:23.465384,Top 100,,,,,,,,,,,,,,,,,,,,,,,0.15
virtual-protocol,VIRTUAL,Virtuals Protocol,0.901566,592186832.0,97,84092081.0,0.945356,0.887944,-0.0254461112374222,-2.745,656842496.6958218,1000000000.0,5.07,2026-05-10 07:56:24.392,2026-05-10 07:57:40.203136,Top 100,,,,,,,,,,,,,,,,,,,,,,,0.15
edgex,EDGE,edgeX,0.472897,165533164.0,98,79064252.0,0.559039,0.378865,-0.0156464592268946,-3.2027,350000000.0,1000000000.0,1.54,2026-07-09 09:21:14.901,2026-07-09 09:21:32.780125,Top 100,,,,,,,,,,,,,,,,,,,,,,,0.15
megausd,USDM,MegaUSD,0.99932,531658122.0,98,6584690.0,1.006,0.992684,-0.0006561373471771,-0.0656,532266089.938289,532266089.938289,1.017,2026-05-03 07:47:26.226,2026-05-03 07:48:18.026049,Top 100,,,,,,,,,,,,,,,,,,,,,,,0.15
pons,PONS,Pons,0.811001,578895936.0,98,203542623.0,0.941194,0.732602,-0.1184833066131006,-12.7472,712104762.0614183,712104762.0614183,0.971034,2026-09-07 11:00:20.000,2026-09-07 11:03:24.396990,Top 100,,,,,,,,,,,,,,,,,,,,,,,0.15
stable-2,STABLE,​​Stable,0.02497127,675539149.0,98,10679404.0,0.02663183,0.02479074,-0.0011579544505306,-4.4317,27051720164.0,100000000000.0,0.04323745,2026-10-09 12:16:53.000,2026-10-09 12:17:45.173415,Top 100,,,,,,,,,,,,,,,,,,,,,,,0.15
dash,DASH,Dash,53.16,684047717.0,99,65108302.0,54.57,52.89,-0.2140779785296516,-0.4011,12854196.63686087,12854252.29729155,1493.59,2026-10-08 12:27:59.000,2026-10-08 12:28:53.433165,Top 100,,,,,,,,,,,,,,,,,,,,,,,0.15
flare-networks,FLR,Flare,0.00748546,651280838.0,99,6109964.0,0.00762174,0.00726099,8.352e-05,1.1051,87006494080.98895,106656445794.9865,0.150073,2026-09-30 11:32:30.000,2026-09-30 11:35:38.515096,Top 100,,,,,,,,,,,,,,,,,,,,,,,0.15
iota,IOTA,IOTA,0.03685238,167084136.0,99,6614707.0,0.03737289,0.03606988,0.00071453,1.9772,4533876091.0,4929729244.0,5.25,2026-07-09 09:05:37.121,2026-07-09 09:21:32.780125,Top 100,,,,,,,,,,,,,,,,,,,,,,,0.15
pyth-network,PYTH,Pyth Network,0.084772,667343015.0,99,114749301.0,0.08629,0.073379,0.0086942,11.4281,7874959172.177468,10000000000.0,1.2,2026-10-09 12:16:53.000,2026-10-09 12:17:45.173415,Top 100,,,,,,,,,,,,,,,,,,,,,,,0.15
spx6900,SPX,SPX6900,0.607816,566005061.0,99,8134500.0,0.614077,0.588114,0.01085432,1.8183,930987335.2481942,930987335.2481942,2.27,2026-09-06 09:52:20.000,2026-09-06 09:55:00.746873,Top 100,,,,,,,,,,,,,,,,,,,,,,,0.15
unibase,UB,Unibase,0.219261,548652262.0,99,28237162.0,0.22011,0.188582,0.01511276,7.4028,2500000000.0,10000000000.0,0.242482,2026-05-27 09:29:06.689,2026-05-27 09:29:23.971262,Top 100,,,,,,,,,,,,,,,,,,,,,,,0.15
usual-usd,USD0,Usual USD,0.999115,547130915.0,99,787282.0,0.999333,0.997592,0.00020317,0.0208,547613563.7506955,547613563.7506955,1.33,2026-09-16 10:27:20.000,2026-09-16 10:30:13.874456,Top 100,,,,,,,,,,,,,,,,,,,,,,,0.15
usx,USX,USX,0.999387,506198621.0,99,2248919.0,1.001,0.999196,-8.5834857031175e-05,0.0,506497235.856,506497235.856,1.21,2026-08-21 06:26:20.000,2026-08-21 06:29:08.285872,Top 100,,,,,,,,,,,,,,,,,,,,,,,0.15
beldex,BDX,Beldex,0.078095,614416210.0,100,2838335.0,0.078414,0.075721,0.00155338,2.0103,7870836369.914431,9939718245.38,0.450785,2026-09-25 10:47:30.000,2026-09-25 10:50:18.360683,Top 100,,,,,,,,,,,,,,,,,,,,,,,0.15
euro-coin,EURC,EURC,1.16,475008806.0,100,29320142.0,1.16,1.16,-0.0027527928475059,-0.1,410724495.1998731,410724495.1998731,1.35,2026-08-18 06:23:30.000,2026-08-18 06:25:36.786874,Top 100,,,,,,,,,,,,,,,,,,,,,,,0.15
eutbl,EUTBL,Spiko EU T-Bills Money Market Fund,1.18,655099679.0,100,0.0,1.19,1.18,-0.0096962317606288,-0.8116,552836612.13371,541851727.73392,1.26,2026-10-07 12:16:30.000,2026-10-07 12:19:15.173987,Top 100,,,,,,,,,,,,,,,,,,,,,,,0.15
hash-2,HASH,Provenance Blockchain,0.00836274,473695100.0,100,4127.58,0.00847861,0.00832921,-4.4087220746827e-05,-0.7,56641973058.0,94978475357.64638,0.060147,2026-08-19 06:23:20.000,2026-08-19 06:26:09.941174,Top 100,,,,,,,,,,,,,,,,,,,,,,,0.15
kite-2,KITE,Kite,0.229445,521783341.0,100,31086398.0,0.237526,0.227278,-0.0057591844912399,-2.4486,2273255814.0,10000000000.0,0.319747,2026-05-22 08:47:45.614,2026-05-22 08:49:16.535463,Top 100,,,,,,,,,,,,,,,,,,,,,,,0.15
official-trump,TRUMP,Official Trump,2.17,612424463.0,100,252613047.0,2.17,2.0,0.158059,7.8497,281867936.287634,1000000000.0,73.43,2026-09-21 11:25:00.000,2026-09-21 11:28:03.224506,Top 100,,,,,,,,,,,,,,,,,,,,,,,0.15
pudgy-penguins,PENGU,Pudgy Penguins,0.0101377,637267499.0,100,236074919.0,0.01029776,0.0095395,0.00050361,4.9378,62860396090.0,76722801185.5352,0.068447,2026-09-30 11:32:30.000,2026-09-30 11:35:38.515096,Top 100,,,,,,,,,,,,,,,,,,,,,,,0.15
raydium,RAY,Raydium,2.46,664744278.0,100,111413176.0,2.52,2.21,0.00759009,0.3092,269863589.046313,555000000.0,16.83,2026-10-09 12:16:53.000,2026-10-09 12:17:45.173415,Top 100,,,,,,,,,,,,,,,,,,,,,,,0.15
tradable-apac-diversified-finance-provider-sstn,PC0000033,Tradable APAC Diversified Finance Provider SSTN,1.0,162500000.0,100,0.0,1.0,1.0,0.0,0.0,162500000.0,162500000.0,1.0,2026-07-09 09:20:13.069,2026-07-09 09:21:32.780125,Top 100,,,,,,,,,,,,,,,,,,,,,,,0.15
true-usd,TUSD,TrueUSD,0.997964,493505009.0,100,19426033.0,0.998444,0.996783,-0.0002941713981357,0.0,494515083.0,494515083.0,1.62,2026-08-20 06:24:20.000,2026-08-20 06:27:48.808036,Top 100,,,,,,,,,,,,,,,,,,,,,,,0.15
vechain,VET,VeChain,0.0078877,678560642.0,100,8393861.0,0.00816668,0.00781877,-0.0002600226277022,-3.1914,85985041177.0,85985041177.0,0.280991,2026-10-08 12:27:59.000,2026-10-08 12:28:53.433165,Top 100,,,,,,,,,,,,,,,,,,,,,,,0.15
velvet,VELVET,Velvet,1.12,473223547.0,100,57697460.0,1.22,0.881999,0.116591,59.2,423425749.5345696,1000000000.0,2.08,2026-08-15 06:18:20.000,2026-08-15 06:20:56.772689,Top 100,,,,,,,,,,,,,,,,,,,,,,,0.15
a7a5,A7A5,A7A5,0.01186736,465545166.0,101,147.53,0.01186802,0.01178851,3.878e-05,0.3,39227496669.33073,39227496669.33073,0.229635,2026-08-16 06:20:30.000,2026-08-16 06:22:59.483545,Top 100,,,,,,,,,,,,,,,,,,,,,,,0.15
billions-network,BILL,Billions Network,0.230013,558156342.0,101,2187024892.0,0.230595,0.164337,0.05485,31.3135,2428000000.0,10000000000.0,0.230595,2026-05-15 08:37:46.685,2026-05-15 08:38:44.990545,Top 100,,,,,,,,,,,,,,,,,,,,,,,0.15
dexe,DEXE,DeXe,5.93,571570284.0,135,975837654.0,5.37,2.24,3.66,156.2,96504599.33609451,96504599.33609451,48.91,2026-07-25 07:47:20.000,2026-07-25 07:50:44.588047,Top 100,,,,,,,,,,,,,,,,,,,,,,,0.15
talus,US,Talus,0.050834,507224557.0,197,5118011.0,0.056929,0.04820378,0.00093922,5.8,10000000000.0,10000000000.0,0.060254,2026-08-03 09:19:30.000,2026-08-03 09:22:00.555195,Top 100,,,,,,,,,,,,,,,,,,,,,,,0.15
automatic-treasury-machine,ATM,Automatic Treasury Machine,1.67,1661833108.0,11316,784243.0,1.67,5.1e-06,1.67,32746755.9,995509065.260622,995509065.260622,1.67,2026-07-28 08:11:20.000,2026-07-28 08:14:26.764378,Top 100,,,,,,,,,,,,,,,,,,,,,,,0.15
