id,symbol,name,current_price,market_cap,market_cap_rank,total_volume,high_24h,low_24h,price_change_24h,price_change_pct_24h,circulating_supply,total_supply,ath,last_updated,ingested_at
bitcoin,btc,Bitcoin,83734.0,1682316088616.0,1,28255685287.0,84486.0,82911.0,-437.92369904604857,-0.58383,20090909.0,20090909.0,126080.0,2026-09-30T11:32:30.000Z,2026-09-30T11:35:38.515096
ethereum,eth,Ethereum,2691.21,328576946368.0,2,13415118298.0,2742.68,2657.67,-32.75249232823762,-1.31773,122092940.74905182,122092940.7490518,4946.05,2026-09-30T11:32:30.000Z,2026-09-30T11:35:38.515096
tether,usdt,Tether,0.999613,183799745304.0,3,56446463908.0,0.999907,0.999573,-0.000136474156047228,-0.0131,183870584013.1206,189337530060.8262,1.32,2026-09-30T11:32:30.000Z,2026-09-30T11:35:38.515096
binancecoin,bnb,BNB,768.71,102363313870.0,4,882537558.0,770.25,750.63,3.73,0.43998,133159483.95,133159479.32,1369.99,2026-09-30T11:32:30.000Z,2026-09-30T11:35:38.515096
ripple,xrp,XRP,1.51,95299688234.0,5,3846037967.0,1.56,1.48,-0.001661119350732765,-0.16305,63092975951.0,99985612577.0,3.65,2026-09-30T11:32:30.000Z,2026-09-30T11:35:38.515096
usd-coin,usdc,USDC,0.999797,74336469924.0,6,16512946917.0,1.0,0.999773,-0.000136014140787566,-0.01397,74350995030.05228,74343669906.25783,1.043,2026-09-30T11:32:30.000Z,2026-09-30T11:35:38.515096
solana,sol,Solana,119.35,70181452376.0,7,3691947734.0,121.58,117.46,-0.31185528155421594,-0.36019,588005936.378218,634996304.516124,293.31,2026-09-30T11:32:30.000Z,2026-09-30T11:35:38.515096
tron,trx,TRON,0.339661,32259703975.0,8,344014597.0,0.338802,0.333923,0.00428353,1.28278,94975713735.76129,94975714574.60388,0.431288,2026-09-30T11:32:30.000Z,2026-09-30T11:35:38.515096
zcash,zec,Zcash,1421.04,24100281984.0,9,948939120.0,1458.28,1382.17,-5.105985515593829,-0.50163,16960081.4155448,16960520.4780448,3191.93,2026-09-30T11:32:30.000Z,2026-09-30T11:35:38.515096
figure-heloc,figr_heloc,Figure Heloc,1.03,23957083945.0,10,545092526.0,1.03,1.001,,,23265196545.668,23265196545.668,1.062,2026-09-30T11:32:30.000Z,2026-09-30T11:35:38.515096
hyperliquid,hype,Hyperliquid,86.75,19296463007.0,11,699788249.0,88.89,84.94,-1.9064108897011778,-2.19794,222445714.07414138,955307079.4341414,97.96,2026-09-30T11:32:30.000Z,2026-09-30T11:35:38.515096
dogecoin,doge,Dogecoin,0.095238,14870802382.0,12,809006004.0,0.096315,0.092898,-0.000190010014534669,-0.26227,156128496383.7052,171841323126.579,0.731578,2026-09-30T11:32:30.000Z,2026-09-30T11:35:38.515096
chainlink,link,Chainlink,14.37,10752259646.0,13,569461388.0,15.41,14.21,-1.048755720573233,-6.94246,748099970.424884,1000000000.0,52.7,2026-09-30T11:32:30.000Z,2026-09-30T11:35:38.515096
monero,xmr,Monero,541.94,10195463286.0,14,104731848.0,550.19,536.68,0.967176,0.1615,18811379.469314773,18811401.66896268,797.73,2026-09-30T11:32:30.000Z,2026-09-30T11:35:38.515096
usds,usds,USDS,0.999886,10019540392.0,15,152312835.0,1.0,0.999052,0.00053012,0.05331,10020645317.014828,9797239516.819256,1.057,2026-09-30T11:32:30.000Z,2026-09-30T11:35:38.515096
whitebit,wbt,WhiteBIT Coin,83.67,9945080300.0,16,102756984.0,84.59,82.89,-0.47453742533383547,-0.60173,118852171.0,293421670.0,87.91,2026-09-30T11:32:30.000Z,2026-09-30T11:35:38.515096
cardano,ada,Cardano,0.247515,9290823839.0,17,440263280.0,0.254268,0.240145,-0.004997633928090495,-2.12453,37535193928.91081,45000000000.0,3.09,2026-09-30T11:32:30.000Z,2026-09-30T11:35:38.515096
rain,rain,Rain,0.01240597,8800632153.0,18,22793347.0,0.01289522,0.01216948,-9.4236198270125e-05,-0.75523,709246009021.1265,1142408526965.963,0.01946402,2026-09-30T11:32:30.000Z,2026-09-30T11:35:38.515096
leo-token,leo,LEO Token,9.06,8330389362.0,19,616694.0,9.1,8.99,-0.0083536751887614,-0.12032,919857851.9,985239504.0,10.61,2026-09-30T11:32:30.000Z,2026-09-30T11:35:38.515096
ravedao,rave,RaveDAO,27.39,6764314064.0,19,330827836.0,27.88,16.55,9.01,49.00354,248044444.0,1000000000.0,27.88,2026-04-18T06:56:48.386Z,2026-04-18T06:57:00.190045
